"Name","Race","Gender","Class","Realm","Guild","AchievementPoints","HonorableKills","Faction"
"Larahh",4,1,11,"Tauri","Outlaws",19300,327353,"Alliance"
"Hupap",1,0,5,"Tauri","Outlaws",19230,147122,"Alliance"
"Spuky",3,1,7,"Evermoon","Leviathan",19225,79757,"Alliance"
"Darkpaladino",10,0,2,"Tauri","Insane",19130,225034,"Horde"
"Asamoschra",1,1,8,"Tauri","Outlaws",19095,234140,"Alliance"
"Yølkø",10,1,5,"Evermoon","Shadow Hunters",19095,114683,"Horde"
"Ynes",1,1,6,"Tauri","Outlaws",19080,94452,"Alliance"
"Morron",2,0,1,"Tauri","Infernum",19060,110127,"Horde"
"Langston",2,0,3,"Evermoon","Искатели легенд",19045,48492,"Horde"
"Xyhop",9,1,5,"Evermoon","Endless",19025,63045,"Horde"
"Andás",1,0,2,"Evermoon","Tribunes of the Light",18960,81900,"Alliance"
"Grey",1,0,9,"Tauri","Outlaws",18950,87925,"Alliance"
"Harð",10,1,6,"Tauri","DevilsArmy",18835,94948,"Horde"
"Darkendevil",1,1,8,"Tauri","BOOSTED",18785,57473,"Alliance"
"Rosszko",1,0,2,"Tauri","Lighting Darkness",18725,53592,"Alliance"
"Rem",4,1,1,"Evermoon","Хранители Вечности",18635,19246,"Alliance"
"Deylisz",11,1,2,"Tauri","Outlaws",18610,140773,"Alliance"
"Shiranui",22,0,3,"Evermoon","Best Random Group",18565,44449,"Alliance"
"Oneepunchman",2,0,1,"Evermoon","Искатели легенд",18515,56026,"Horde"
"Domqq",10,1,2,"Evermoon","Solo Leveling",18505,14011,"Horde"
"Zsozéatya",10,1,10,"Evermoon","Solo Leveling",18490,7228,"Horde"
"Goldenstab",8,1,4,"Evermoon","The Echoes",18415,10857,"Horde"
"Buldosier",1,0,6,"Tauri","BOOSTED",18400,32936,"Alliance"
"Farbiosa",1,0,4,"Evermoon","Brodate Drzewa",18375,32784,"Alliance"
"Fiendstorm",4,1,3,"Evermoon","Yin Yang",18355,40096,"Alliance"
"Dave",1,1,4,"Tauri","",18340,39855,"Alliance"
"Nudal",2,1,1,"Evermoon","Rycerze Ortalionu",18290,56542,"Horde"
"Xenobian",4,1,3,"Tauri","Angel Rune",18195,71804,"Alliance"
"Nanahoshi",1,1,6,"Evermoon","Välhalla",18185,73956,"Alliance"
"Quro",10,1,5,"Evermoon","The Echoes",18145,18618,"Horde"
"Forestdruid",4,0,11,"Tauri","Outlaws",18130,92734,"Alliance"
"Leorox",10,0,5,"Tauri","Guild of Multiverse",18130,25518,"Horde"
"Thomaslock",8,0,9,"Evermoon","Ace of Spadez",18130,24569,"Horde"
"Breavers",1,0,2,"Tauri","Destroyer",18120,28776,"Alliance"
"Daroth",5,0,4,"Tauri","Insane",18090,74464,"Horde"
"Snowdon",6,0,3,"Evermoon","Endless",18085,127097,"Horde"
"Polaak",8,0,3,"Tauri","Sapped girls cant say no",18075,68292,"Horde"
"Sellendis",4,1,3,"Evermoon","Хранители Вечности",18065,4646,"Alliance"
"Deusmortis",10,0,6,"Tauri","Unbound",18015,44150,"Horde"
"Zahakka",11,1,5,"Evermoon","Defiance",18000,9653,"Alliance"
"Ágyúnaszád",2,0,1,"Tauri","Beton Logok Szar Karikkal",17950,58893,"Horde"
"Arokh",10,0,3,"Evermoon","Competence Optional",17905,8277,"Horde"
"Meehbee",8,0,11,"Tauri","Public Enemies",17895,37864,"Horde"
"Criminal",2,0,1,"Tauri","Public Enemies",17890,85995,"Horde"
"Bamboothicc",25,1,10,"Evermoon","Mythic Regression",17870,12487,"Alliance"
"Natiry",10,1,2,"Evermoon","Resolve",17845,19676,"Horde"
"Relya",10,1,9,"Tauri","Resurrection",17820,37463,"Horde"
"Frost",1,0,8,"Evermoon","Thunder",17800,190593,"Alliance"
"Adriatic",1,0,6,"Evermoon","Хранители Вечности",17780,17683,"Alliance"
"Royalfrees",1,0,5,"Tauri","BOOSTED",17770,5803,"Alliance"
"Topo",2,0,1,"Evermoon","Diamond Dogs",17750,17740,"Horde"
"Sudenlydie",2,0,1,"Tauri","Public Enemies",17735,47065,"Horde"
"Raynpala",10,0,2,"Tauri","Insane",17730,48491,"Horde"
"Mathx",8,1,5,"Evermoon","Rycerze Ortalionu",17710,31866,"Horde"
"Matthas",1,0,8,"Evermoon","Logic",17695,5187,"Alliance"
"Fxdave",10,0,9,"Tauri","Conclusion",17680,39089,"Horde"
"Wrathdwarf",3,0,2,"Evermoon","Test Drive",17635,130746,"Alliance"
"Denim",1,0,2,"Tauri","Outlaws",17605,63342,"Alliance"
"Delamor",10,0,6,"Tauri","Unbound",17605,20702,"Horde"
"Vadászkürt",22,0,3,"Tauri","",17595,75895,"Alliance"
"Szappann",10,1,4,"Evermoon","Shadow Hunters",17595,23679,"Horde"
"Wojsilek",6,0,1,"Evermoon","Rycerze Ortalionu",17580,59750,"Horde"
"Niom",9,1,8,"Evermoon","Rycerze Ortalionu",17580,31753,"Horde"
"Fighly",11,1,7,"Tauri","Fire Falcon",17550,85390,"Alliance"
"Layanara",8,1,3,"Tauri","Zugfözde",17545,155483,"Horde"
"Leonídäsz",1,0,1,"Tauri","Outlaws",17545,14608,"Alliance"
"Laelythiel",10,1,3,"Tauri","Unbound",17540,24638,"Horde"
"Meløni",10,1,2,"Evermoon","",17535,12448,"Horde"
"Dwayrid",8,1,8,"Tauri","Unbound",17525,19273,"Horde"
"Mejo",10,0,9,"Evermoon","The Dark Exile",17500,5378,"Horde"
"Unohanasan",4,1,11,"Evermoon","Cara Máxima",17495,16424,"Alliance"
"Maïev",8,1,3,"Tauri","Death Vengeance",17425,33658,"Horde"
"Ragingfists",6,0,7,"Tauri","The Executioners Of Sargeras",17415,31569,"Horde"
"Arathea",10,1,5,"Tauri","Darkey Mort",17350,62742,"Horde"
"Szíventaláló",1,0,3,"Tauri","Sinn Féin",17315,52644,"Alliance"
"Gattel",4,1,11,"Evermoon","Leviathan",17310,42422,"Alliance"
"Devience",1,0,6,"Evermoon","Defiance",17305,1991,"Alliance"
"Erzzä",10,1,2,"Evermoon","Solo Leveling",17300,21007,"Horde"
"Eryann",10,1,4,"Tauri","Darkey Mort",17275,11703,"Horde"
"Trasig",26,1,10,"Evermoon","Despair",17275,2733,"Horde"
"Artheros",10,0,6,"Evermoon","The Carnivorous Snigels",17255,7015,"Horde"
"Truesteel",1,1,2,"Evermoon","Crows at Midnight",17255,5715,"Alliance"
"Ärtemîsz",2,0,3,"Evermoon","",17245,154659,"Horde"
"Gasaiyunoo",10,1,8,"Tauri","Infernum",17235,121365,"Horde"
"Dziarà",1,0,5,"Evermoon","Army of Divergent",17195,33535,"Alliance"
"ßaße",4,1,11,"Tauri","Dawnguard",17185,9574,"Alliance"
"Lichtgestalt",1,0,2,"Evermoon","Yin Yang",17180,47842,"Alliance"
"Lincu",1,1,8,"Tauri","Çonquerors",17175,177358,"Alliance"
"Falchion",2,1,6,"Tauri","The Glory Avengers",17175,30508,"Horde"
"Lanthaela",2,1,1,"Evermoon","A Murder of Crows",17170,3551,"Horde"
"Yamagasumi",26,1,10,"Tauri","Beton Logok Szar Karikkal",17165,6616,"Horde"
"Agrael",10,0,2,"Tauri","Conclusion",17155,127302,"Horde"
"Divinefist",1,1,2,"Evermoon","Pack of Lone Wolves",17155,36331,"Alliance"
"Mentos",10,1,6,"Evermoon","Competence Optional",17140,7744,"Horde"
"Dehydra",9,1,5,"Tauri","Csak semmi CICÓ",17135,109574,"Horde"
"Llýnch",10,1,5,"Evermoon","Endless",17120,63936,"Horde"
"Outnumbered",2,0,1,"Evermoon","Purple Stuff",17115,8057,"Horde"
"Karrak",10,0,2,"Tauri","Death Vengeance",17065,55997,"Horde"
"Galvayra",11,1,8,"Evermoon","Test Drive",17040,8267,"Alliance"
"Pepyto",5,0,3,"Tauri","The Executioners Of Sargeras",16995,165062,"Horde"
"Cailon",1,0,8,"Evermoon","Crows at Midnight",16945,3181,"Alliance"
"Badmad",8,0,11,"Evermoon","Vistustan",16940,137701,"Horde"
"Soullesslady",11,1,6,"Tauri","Die Hard",16935,125316,"Alliance"
"Omnia",26,0,5,"Tauri","Beton Logok Szar Karikkal",16935,57974,"Horde"
"Flapjack",2,1,6,"Evermoon","STUNLØCK SØCIETY",16915,77921,"Horde"
"Shaie",4,1,11,"Evermoon","Offline",16910,641248,"Alliance"
"Vanybaby",4,1,11,"Tauri","Last Whisper",16900,28891,"Alliance"
"Mushu",2,1,1,"Tauri","Conclusion",16895,150509,"Horde"
"Rektrander",1,0,6,"Tauri","BOOSTED",16865,31478,"Alliance"
"Ramsses",2,1,1,"Evermoon","Competence Optional",16825,62355,"Horde"
"Bowdancer",4,1,3,"Tauri","Sinn Féin",16810,37864,"Alliance"
"Kirgiz",4,0,1,"Tauri","Lighting Darkness",16800,7674,"Alliance"
"Colaider",10,0,3,"Evermoon","Skill Issue",16795,9317,"Horde"
"Ceasars",4,0,3,"Evermoon","Dimension",16790,66132,"Alliance"
"Kipeka",8,0,8,"Tauri","Public Enemies",16775,15397,"Horde"
"Nèfertary",11,1,7,"Evermoon","Thunder",16770,5981,"Alliance"
"Dusk",6,0,11,"Evermoon","",16760,79857,"Horde"
"Csillargang",10,1,6,"Evermoon","Despair",16720,19194,"Horde"
"Hunder",2,0,8,"Tauri","",16710,176293,"Horde"
"Juakali",8,1,7,"Evermoon","Aurora",16710,18178,"Horde"
"Peser",1,0,1,"Tauri","BOOSTED",16710,4900,"Alliance"
"Firedragon",10,0,8,"Tauri","Unbound",16685,135118,"Horde"
"Jesen",1,0,2,"Tauri","Excluded",16665,87244,"Alliance"
"Clusterfuçk",6,0,2,"Evermoon","Make Love Not Warcraft",16635,82557,"Horde"
"Kunillia",11,1,7,"Evermoon","Chimken and the Nuggies",16635,3357,"Alliance"
"Konan",10,1,2,"Evermoon","Who Cares",16630,1780,"Horde"
"Pacquiao",10,1,8,"Evermoon","Solo Leveling",16625,3520,"Horde"
"Рилд",2,0,1,"Evermoon","Искатели легенд",16625,3286,"Horde"
"Weary",2,0,1,"Evermoon","Wanderers of Azeroth",16605,48829,"Horde"
"Rickettsia",1,1,9,"Evermoon","Chimken and the Nuggies",16580,7463,"Alliance"
"Lyantha",10,1,3,"Evermoon","Искатели легенд",16575,48167,"Horde"
"Chronos",8,1,3,"Evermoon","Ninjas in Potatoes",16570,10440,"Horde"
"Kindasusngl",1,1,5,"Evermoon","Test Drive",16565,23055,"Alliance"
"Pricus",11,0,3,"Evermoon","Army of Divergent",16560,9530,"Alliance"
"Rana",1,1,2,"Tauri","Killepitsch",16535,95194,"Alliance"
"Hershock",2,0,7,"Evermoon","Impact",16535,2963,"Horde"
"Biucy",10,1,5,"Tauri","Pathetica",16510,37347,"Horde"
"Süntamás",5,0,9,"Tauri","Clockwork Orange",16510,20436,"Horde"
"Soaruu",4,1,3,"Tauri","Outlaws",16510,13902,"Alliance"
"Yellowshu",11,1,3,"Evermoon","Хранители Вечности",16510,5218,"Alliance"
"Wentress",1,1,9,"Tauri","Destroyer",16505,30745,"Alliance"
"Kegor",2,0,6,"Evermoon","Holy Crusaders",16495,18365,"Horde"
"Entoni",2,0,4,"Evermoon","",16490,80196,"Horde"
"Rézbot",1,0,1,"Tauri","BOOSTED",16490,4927,"Alliance"
"Waterbladev",1,0,2,"Evermoon","Crows at Midnight",16470,1260,"Alliance"
"Brim",10,1,2,"Tauri","The Executioners Of Sargeras",16455,29962,"Horde"
"Sasszem",10,0,3,"Tauri","Outcast",16455,21516,"Horde"
"Adrammelech",4,0,11,"Tauri","Unga Bunga",16450,2652,"Alliance"
"Farsight",2,1,7,"Evermoon","Competence Optional",16445,7522,"Horde"
"Crachit",1,1,9,"Tauri","",16435,42089,"Alliance"
"Méthis",1,1,2,"Tauri","War Of Titans",16425,40760,"Alliance"
"Lisalia",10,1,2,"Evermoon","The Twilight Horde",16415,5239,"Horde"
"Freesh",10,0,4,"Tauri","Argenteus Corvus",16410,4792,"Horde"
"Daveeý",3,0,4,"Evermoon","",16370,52194,"Alliance"
"Axwel",1,0,1,"Evermoon","",16360,5449,"Alliance"
"Tazli",1,0,5,"Tauri","Outlaws",16345,9198,"Alliance"
"Velaz",1,0,2,"Tauri","Low Fast Fox",16340,94265,"Alliance"
"Verbalkint",10,0,2,"Tauri","Darkey Mort",16335,19303,"Horde"
"Anxxiety",1,0,4,"Evermoon","Anxiety Attack",16335,8745,"Alliance"
"Mythal",1,0,2,"Evermoon","Logic",16315,4184,"Alliance"
"Gomenarouge",7,1,4,"Evermoon","La Cruzada Escarlata",16300,14007,"Alliance"
"Capitello",10,0,4,"Evermoon","Zsibbadt egerek",16290,44645,"Horde"
"Arkanie",1,0,2,"Tauri","",16275,11801,"Alliance"
"Nindjaturtle",2,0,4,"Evermoon","",16270,4909,"Horde"
"Uste",1,0,1,"Tauri","CENZORED",16265,14825,"Alliance"
"Boldizsar",1,0,4,"Tauri","Reunited",16260,7180,"Alliance"
"Kaaronte",1,0,4,"Evermoon","Crows at Midnight",16260,2612,"Alliance"
"Genes",1,0,6,"Evermoon","New World Order",16255,11662,"Alliance"
"Kilrogen",10,0,6,"Tauri","Infernum",16250,24031,"Horde"
"Lloth",1,0,8,"Evermoon","Test Drive",16250,3530,"Alliance"
"Kayleka",10,1,2,"Tauri","Behemots Division",16245,8931,"Horde"
"Mickynine",6,0,11,"Evermoon","Despair",16245,2383,"Horde"
"Døñtçrýßïtçh",1,1,3,"Tauri","Bad Choice",16235,171367,"Alliance"
"Tirandola",4,1,11,"Tauri","CENZORED",16225,121705,"Alliance"
"Allindar",10,0,2,"Tauri","Legends Never Die",16215,132914,"Horde"
"Frosthawk",1,1,8,"Evermoon","Leviathan",16215,2432,"Alliance"
"Sample",1,1,2,"Tauri","Bad Choice",16195,262107,"Alliance"
"Alphashriek",11,1,8,"Evermoon","Joy Division",16175,82794,"Alliance"
"Stolendream",11,1,7,"Tauri","Reunited",16145,55819,"Alliance"
"Zuldaman",8,0,8,"Tauri","E T A",16140,25336,"Horde"
"Mohenjodaro",8,1,7,"Tauri","Dark Synergy",16095,167054,"Horde"
"Löwefell",10,0,8,"Evermoon","Pantheon",16095,120747,"Horde"
"Nalinia",4,1,11,"Tauri","Reunited",16095,73793,"Alliance"
"Delisszima",2,1,1,"Evermoon","Pálmafa",16095,30828,"Horde"
"Divix",2,1,6,"Evermoon","",16075,93034,"Horde"
"Losiel",1,1,2,"Evermoon","Test Drive",16075,2186,"Alliance"
"Kobhra",4,0,3,"Evermoon","Yin Yang",16070,14642,"Alliance"
"Sziazul",10,1,1,"Tauri","",16065,239374,"Horde"
"Mograine",1,0,6,"Evermoon","Хранители Вечности",16030,8730,"Alliance"
"Aithne",10,1,5,"Evermoon","Kawaii Pandas",16025,15130,"Horde"
"Washburne",8,0,11,"Evermoon","Искатели легенд",16010,1273,"Horde"
"Angelrune",1,1,5,"Tauri","Angel Rune",15980,3106,"Alliance"
"Dotlock",10,1,9,"Evermoon","Competence Optional",15965,16364,"Horde"
"Ivkomdfk",1,0,1,"Evermoon","Crows at Midnight",15965,3485,"Alliance"
"Juggernautz",10,1,1,"Tauri","Infernum",15955,77195,"Horde"
"Nathas",5,0,1,"Evermoon","Vistustan",15950,5884,"Horde"
"Rhythm",4,1,5,"Tauri","BOOSTED",15940,12484,"Alliance"
"Trelhy",8,0,4,"Evermoon","Competence Optional",15935,40411,"Horde"
"Acez",10,1,3,"Evermoon","",15935,28372,"Horde"
"Sorsus",10,0,9,"Evermoon","Orden Oscura",15925,4385,"Horde"
"Thaerick",10,0,2,"Tauri","Unbound",15920,50380,"Horde"
"Meleebola",1,1,6,"Evermoon","Farming is ALL we do",15915,57890,"Alliance"
"Icecoolqt",4,1,11,"Tauri","DragonWolves",15910,132747,"Alliance"
"Stefanosxios",6,0,11,"Evermoon","Diamond Dogs",15905,32966,"Horde"
"Norton",1,0,2,"Evermoon","Defiance",15895,1836,"Alliance"
"Cicámqu",8,1,11,"Evermoon","",15890,14759,"Horde"
"Villo",1,1,8,"Tauri","Immortal",15875,115310,"Alliance"
"Bujakashaa",10,0,2,"Tauri","Angels of Faith",15875,43170,"Horde"
"Permaban",10,1,2,"Evermoon","",15865,28228,"Horde"
"Xhendra",1,1,1,"Evermoon","Jade Vault",15865,27568,"Alliance"
"Rrøss",5,0,8,"Tauri","Legends Never Die",15855,32187,"Horde"
"Dantebb",6,0,11,"Evermoon","Rycerze Ortalionu",15855,5268,"Horde"
"Kreinero",8,1,8,"Evermoon","The Echoes",15855,3649,"Horde"
"Katjusha",11,1,2,"Tauri","Champion of Alliance",15850,19543,"Alliance"
"Wowkrisz",22,0,6,"Tauri","Reunited",15850,8359,"Alliance"
"Cøøldeath",1,0,6,"Evermoon","",15845,97038,"Alliance"
"Drunk",1,0,1,"Tauri","Champion of Alliance",15815,115073,"Alliance"
"Banduli",22,0,1,"Tauri","Nonsense",15815,6037,"Alliance"
"Zénø",1,1,2,"Tauri","THUG LIFE",15805,54870,"Alliance"
"Scrines",11,1,7,"Tauri","",15805,19812,"Alliance"
"Highan",3,0,1,"Evermoon","Straznicy Erathii",15790,8367,"Alliance"
"Tryanos",1,0,1,"Tauri","Lighting Darkness",15790,5461,"Alliance"
"Nethxd",2,1,1,"Evermoon","boats n hoes",15790,3331,"Horde"
"Horkolok",8,1,9,"Evermoon","Solo Leveling",15775,7764,"Horde"
"Jégpárduc",4,1,11,"Tauri","Syndicate of Resistance",15745,164830,"Alliance"
"Revendreth",1,1,5,"Evermoon","Crows at Midnight",15740,27399,"Alliance"
"Høløscenic",2,0,7,"Tauri","Public Enemies",15735,52196,"Horde"
"Lightspire",1,1,2,"Tauri","League of Gladiators",15730,10814,"Alliance"
"Reâper",1,0,5,"Tauri","BOOSTED",15725,41866,"Alliance"
"Burgo",8,0,7,"Evermoon","Harbingers",15725,8544,"Horde"
"Nimphël",1,1,8,"Tauri","Outlaws",15710,206119,"Alliance"
"Evangela",10,1,8,"Tauri","Immortal Souls",15705,3081,"Horde"
"Fattyugecy",10,0,8,"Tauri","Death Vengeance",15705,1863,"Horde"
"Nyavajás",11,1,7,"Tauri","Dawnguard",15700,4470,"Alliance"
"Izgrell",10,1,8,"Evermoon","A Murder of Crows",15695,9950,"Horde"
"Oligocén",6,0,7,"Tauri","Public Enemies",15695,6832,"Horde"
"Bulma",10,1,2,"Tauri","Unbound",15685,81306,"Horde"
"Luminos",1,0,2,"Evermoon","Ex Nihilo",15680,30048,"Alliance"
"Dexourius",5,0,9,"Evermoon","The Echoes",15670,10685,"Horde"
"Csodafiu",6,0,1,"Evermoon","Aurora",15655,2151,"Horde"
"Vestris",10,0,3,"Tauri","Public Enemies",15645,43989,"Horde"
"Attika",8,0,11,"Tauri","",15625,86881,"Horde"
"Trilliax",22,0,9,"Evermoon","Yin Yang",15625,13028,"Alliance"
"Cleetus",8,0,6,"Tauri","Seekers of the Self",15620,48929,"Horde"
"Abodat",2,0,6,"Tauri","Unbound",15615,36584,"Horde"
"Tandera",10,1,3,"Tauri","Infernum",15615,13817,"Horde"
"Lunaroja",1,1,1,"Evermoon","Arco Latinos",15615,1245,"Alliance"
"Shren",5,0,5,"Tauri","Resurrection",15610,27343,"Horde"
"Ineverdie",7,0,1,"Tauri","Live for the Kill",15605,228977,"Alliance"
"Allisa",2,1,6,"Evermoon","Endless",15600,8302,"Horde"
"Caliøclýa",1,1,6,"Tauri","Lighting Darkness",15585,25454,"Alliance"
"Azlak",2,1,1,"Tauri","",15575,92665,"Horde"
"Meph",25,0,7,"Tauri","BOOSTED",15570,35832,"Alliance"
"Cälety",1,1,8,"Evermoon","",15565,25926,"Alliance"
"Chatie",10,0,6,"Tauri","Infernum",15565,5656,"Horde"
"Drakoxd",4,0,3,"Evermoon","Yin Yang",15555,19004,"Alliance"
"Jaynexis",10,1,9,"Evermoon","",15550,594,"Horde"
"Lifen",26,1,10,"Evermoon","Impact",15545,647,"Horde"
"Lindiana",10,1,5,"Tauri","KIN Allstars",15525,26123,"Horde"
"Swiftment",1,1,4,"Tauri","Die Hard",15510,17660,"Alliance"
"Rókás",1,1,4,"Tauri","Outlaws",15505,23995,"Alliance"
"Stigmata",4,1,11,"Tauri","Last Whisper",15480,22164,"Alliance"
"Stormbreâker",2,1,1,"Tauri","The Knights of Death",15475,13294,"Horde"
"Ryana",10,1,9,"Tauri","Blade of Justice",15475,11966,"Horde"
"Pathorian",4,0,11,"Evermoon","Heralds of Argus",15475,666,"Alliance"
"Privya",4,1,11,"Evermoon","Crows at Midnight",15465,6613,"Alliance"
"Delusiøn",4,1,11,"Tauri","",15460,26779,"Alliance"
"Crinie",1,1,4,"Tauri","Lighting Darkness",15455,63969,"Alliance"
"Georghia",22,1,6,"Evermoon","Leviathan",15455,4168,"Alliance"
"Namvadtka",1,0,2,"Tauri","Killepitsch",15445,13834,"Alliance"
"Vroomvroom",9,0,7,"Tauri","Gopniki",15435,4249,"Horde"
"Wind",5,1,4,"Evermoon","Stepup",15430,44320,"Horde"
"Thelastninja",1,0,4,"Tauri","Commodore Sîxty Four",15425,437875,"Alliance"
"Jashi",8,0,8,"Tauri","Conclusion",15420,28873,"Horde"
"Maya",25,1,10,"Evermoon","Legion Force",15410,2790,"Alliance"
"Biliards",6,0,1,"Tauri","Infernum",15405,19463,"Horde"
"Shayne",10,1,6,"Evermoon","Competence Optional",15400,8932,"Horde"
"Insistentt",1,0,1,"Evermoon","Ace Of Spades",15385,52782,"Alliance"
"Legendary",1,1,9,"Evermoon","Defiance",15385,41878,"Alliance"
"Liludu",4,1,11,"Tauri","Lighting Darkness",15380,13663,"Alliance"
"Enthorial",4,0,6,"Evermoon","Ace Of Spades",15380,404,"Alliance"
"Hurtie",11,0,6,"Evermoon","Aftermath",15375,2663,"Alliance"
"Pirostraktor",2,0,1,"Tauri","The Redeemers",15370,10599,"Horde"
"Cutepunk",4,1,11,"Tauri","Shadows",15360,10716,"Alliance"
"Mallorn",6,0,11,"Tauri","Ganksters Paradise",15345,17629,"Horde"
"Synur",10,0,8,"Tauri","KIN Allstars",15335,34481,"Horde"
"Octillion",8,0,3,"Evermoon","Vistustan",15320,4821,"Horde"
"Kentnyoc",4,1,5,"Tauri","BOOSTED",15315,16746,"Alliance"
"Matredran",1,0,5,"Tauri","Slayers of the Azeroth",15305,5557,"Alliance"
"Nornotur",6,0,7,"Evermoon","Servants of Odin",15305,663,"Horde"
"Lufiztato",1,0,1,"Tauri","",15300,15369,"Alliance"
"Holyrose",10,1,2,"Evermoon","Competence Optional",15290,20586,"Horde"
"Nicollette",10,1,5,"Evermoon","",15290,1295,"Horde"
"Stoka",2,0,1,"Tauri","",15285,101577,"Horde"
"Shadowshriek",10,1,5,"Evermoon","Quantum",15285,22174,"Horde"
"Dekker",8,1,11,"Tauri","",15270,48155,"Horde"
"Skirata",6,0,11,"Tauri","",15270,26657,"Horde"
"Hadúrnö",4,1,11,"Tauri","Killepitsch",15270,8209,"Alliance"
"Dcuatro",1,0,10,"Evermoon","Cara Máxima",15270,7375,"Alliance"
"Shamangodx",8,1,7,"Tauri","",15265,53188,"Horde"
"Bailtord",5,0,5,"Tauri","",15260,138190,"Horde"
"Lilibeth",11,1,2,"Evermoon","Moonlight",15260,7099,"Alliance"
"Hellmaster",10,0,2,"Tauri","Underworlds",15245,23382,"Horde"
"Celsitas",10,0,2,"Evermoon","Redemption",15240,68586,"Horde"
"Orsósneytiri",10,1,2,"Tauri","Cradle",15240,24053,"Horde"
"Urdak",2,0,3,"Tauri","Zugfözde",15225,13087,"Horde"
"Eilah",4,1,1,"Evermoon","Army of Divergent",15220,7135,"Alliance"
"Feketeläng",8,0,8,"Tauri","",15200,140627,"Horde"
"Fauxshow",1,1,1,"Tauri","",15175,27483,"Alliance"
"Firëhâmmër",1,0,1,"Tauri","The Light of Dawn",15175,22703,"Alliance"
"Poundoho",25,0,10,"Evermoon","Tribunes of the Light",15175,4611,"Alliance"
"Frinimist",10,1,6,"Evermoon","A Murder of Crows",15175,1160,"Horde"
"Løgen",4,0,11,"Tauri","Corrupted Soldiers",15170,125229,"Alliance"
"Lorellr",2,1,1,"Tauri","Unbound",15155,49250,"Horde"
"Eradeliea",25,1,3,"Tauri","Cross",15145,88636,"Alliance"
"Apápa",7,0,9,"Tauri","Killepitsch",15135,58545,"Alliance"
"Bobthemighty",8,0,5,"Tauri","Guild of Multiverse",15135,14699,"Horde"
"Hercegnõ",10,1,5,"Tauri","Il ll ALMYGHT ll ll",15130,22825,"Horde"
"Luiluka",10,1,2,"Tauri","Legends Never Die",15125,43117,"Horde"
"Lifesäver",6,0,11,"Evermoon","Dioses del Pve",15125,22884,"Horde"
"Amphtrithe",10,1,2,"Tauri","KIN Allstars",15120,4166,"Horde"
"Mazwaz",8,1,3,"Evermoon","Redemption",15115,2221,"Horde"
"Harlëyquínn",10,1,2,"Tauri","Victorious Secret",15105,141139,"Horde"
"Rencsy",10,1,2,"Tauri","The Predators",15105,16405,"Horde"
"Hussy",10,1,2,"Tauri","Guildless",15105,7031,"Horde"
"Stivan",9,0,5,"Tauri","League of Brotherhood",15100,11013,"Horde"
"Ghorkee",2,0,6,"Evermoon","Holy Crusaders",15100,9986,"Horde"
"Äshsen",4,1,11,"Tauri","",15095,89163,"Alliance"
"Taoshi",26,1,4,"Evermoon","Raidloggen",15095,812,"Horde"
"Spellcaster",10,1,8,"Tauri","Public Enemies",15090,82292,"Horde"
"Szofiianne",8,1,8,"Tauri","",15090,45742,"Horde"
"Aladielor",1,0,6,"Tauri","Bad Choice",15085,11770,"Alliance"
"Derothus",1,0,4,"Tauri","",15080,57491,"Alliance"
"Honadal",8,0,11,"Tauri","Sapped girls cant say no",15065,162781,"Horde"
"Tanariya",11,1,7,"Evermoon","Хранители Вечности",15060,1140,"Alliance"
"Stradivari",8,0,3,"Evermoon","Искатели легенд",15045,6787,"Horde"
"Azulspitter",8,1,7,"Tauri","",15040,19676,"Horde"
"Dilißogyó",2,0,1,"Tauri","The Redeemers",15030,61036,"Horde"
"Fetis",22,0,3,"Tauri","BOOSTED",15030,51296,"Alliance"
"Shihlin",11,1,8,"Evermoon","Crows at Midnight",15010,4520,"Alliance"
"Skektek",8,0,5,"Evermoon","Reforged",15000,12365,"Horde"
"Machavelli",2,0,1,"Tauri","Conclusion",14995,56864,"Horde"
"Poisonmage",5,1,8,"Tauri","Kárhozottak",14990,148303,"Horde"
"Vynal",10,1,2,"Tauri","League of Brotherhood",14985,25437,"Horde"
"Ralraught",1,0,5,"Tauri","GerillaOsztag",14985,18001,"Alliance"
"Ottokhaan",11,0,7,"Evermoon","Ace Of Spades",14975,10280,"Alliance"
"Jaeni",6,1,11,"Evermoon","Servants of Odin",14975,818,"Horde"
"Djuanpis",10,0,6,"Evermoon","Skill Issue",14965,3402,"Horde"
"Reveng",1,0,1,"Tauri","Immortal",14955,25281,"Alliance"
"Graiak",8,1,7,"Tauri","Insane",14955,12340,"Horde"
"Gehk",4,1,11,"Evermoon","Wipe Happens",14955,6174,"Alliance"
"Tyrandd",4,1,3,"Evermoon","Tempest",14935,49816,"Alliance"
"Molni",10,0,5,"Tauri","Insane",14925,29660,"Horde"
"Arcane",1,0,8,"Tauri","Killepitsch",14925,21017,"Alliance"
"Herptick",5,0,8,"Tauri","Infernum",14920,138317,"Horde"
"Exelcis",10,1,2,"Tauri","",14920,67308,"Horde"
"Merethyl",4,0,8,"Evermoon","Crows at Midnight",14915,11164,"Alliance"
"Portálusz",1,0,8,"Tauri","Bad Choice",14915,4714,"Alliance"
"Sareah",1,1,6,"Evermoon","",14915,1981,"Alliance"
"Cukijozsiba",1,0,2,"Tauri","Pandemonium",14910,61744,"Alliance"
"Satthux",11,1,8,"Tauri","Sinn Féin",14910,53700,"Alliance"
"Sliker",1,0,9,"Tauri","Outlaws",14900,20578,"Alliance"
"Zôx",2,0,8,"Evermoon","",14895,12500,"Horde"
"Galadis",3,0,2,"Tauri","",14895,5684,"Alliance"
"Iterimo",2,0,1,"Tauri","Cradle",14880,174456,"Horde"
"Musta",5,0,8,"Evermoon","Искатели легенд",14875,5964,"Horde"
"Lidércfajzat",5,0,6,"Tauri","The Executioners Of Sargeras",14875,2643,"Horde"
"Coolancss",10,1,5,"Tauri","Guild of Multiverse",14870,15995,"Horde"
"Droodx",22,0,11,"Evermoon","Even More Bags",14855,25353,"Alliance"
"Fujimo",4,0,11,"Tauri","Die Hard",14840,39667,"Alliance"
"Selvinox",10,0,2,"Evermoon","A Murder of Crows",14835,9961,"Horde"
"Yasutoshi",5,0,6,"Tauri","Lonely Wanderers",14830,5520,"Horde"
"Hopee",10,0,2,"Tauri","Seekers of the Self",14825,61069,"Horde"
"Ruzt",1,0,2,"Evermoon","Mythic Regression",14825,2958,"Alliance"
"Zorofish",11,0,2,"Evermoon","Ace Of Spades",14825,2349,"Alliance"
"Lucif",4,1,5,"Tauri","Idosek Klubja",14820,200964,"Alliance"
"Azazël",8,0,8,"Tauri","",14820,14548,"Horde"
"Pandakilleer",10,0,2,"Tauri","hordlake",14810,42783,"Horde"
"Venomarcane",10,1,8,"Tauri","Minus Twenty One",14805,30424,"Horde"
"Fikor",25,0,7,"Evermoon","Far Beyond Insanity",14805,12212,"Alliance"
"Bonsaii",3,0,1,"Tauri","Rathis Tago",14800,5752,"Alliance"
"Kenix",8,0,1,"Tauri","A Galaxis Örzöi",14790,14145,"Horde"
"Kisscsaba",1,0,3,"Tauri","Lighting Darkness",14785,6381,"Alliance"
"Woofer",11,1,7,"Tauri","Lighting Darkness",14765,20259,"Alliance"
"Srns",1,0,5,"Evermoon","Sons of Anarchy",14745,23150,"Alliance"
"Szellemm",4,1,3,"Tauri","Storm of Vengeance",14745,10321,"Alliance"
"Turälyon",1,0,2,"Tauri","",14740,29587,"Alliance"
"Spindarella",2,1,1,"Evermoon","Despair",14725,8250,"Horde"
"Derack",2,0,1,"Tauri","Infernum",14720,2144,"Horde"
"Darkdefender",1,1,2,"Tauri","Flaming Fury",14715,67845,"Alliance"
"Kaspiyan",7,0,8,"Evermoon","Lords of Anatolia",14715,4276,"Alliance"
"Lëzz",9,1,9,"Evermoon","Hollywood Undead",14710,75696,"Horde"
"Lilienna",10,1,5,"Evermoon","Искатели легенд",14705,3883,"Horde"
"Farfello",2,0,1,"Evermoon","Czechoslovakia",14695,14258,"Horde"
"Freebooter",2,0,4,"Evermoon","",14695,12603,"Horde"
"Jolkoo",8,0,11,"Evermoon","Shadow Hunters",14690,20432,"Horde"
"Blinter",8,0,11,"Tauri","",14680,246753,"Horde"
"Bartosh",6,0,7,"Evermoon","Warlords of Destruction",14675,13279,"Horde"
"Khalli",10,0,2,"Evermoon","An evolving guild",14675,8622,"Horde"
"Voldi",10,1,6,"Tauri","Exiled",14670,5812,"Horde"
"Garadinen",10,1,2,"Evermoon","The Unstoppable",14670,4611,"Horde"
"Icedemøn",1,1,6,"Evermoon","",14665,87379,"Alliance"
"Dryzzit",10,0,2,"Tauri","Azeroth Zsoldosai",14665,78786,"Horde"
"Morgana",1,1,8,"Evermoon","La Cruzada Escarlata",14655,3732,"Alliance"
"Alementalist",8,1,7,"Evermoon","Who Cares",14655,1585,"Horde"
"Soulshriek",8,1,5,"Evermoon","Quantum",14650,128831,"Horde"
"Ämbrose",8,0,8,"Tauri","Rémálom Az Elf Utcában",14650,127015,"Horde"
"Krúbi",2,0,6,"Tauri","patient",14650,114065,"Horde"
"Destrolady",8,1,9,"Tauri","",14650,10813,"Horde"
"Dritzy",22,0,6,"Tauri","",14640,118705,"Alliance"
"Schiano",8,1,11,"Tauri","Death Vengeance",14640,34636,"Horde"
"Cease",8,1,4,"Evermoon","Placeholder",14640,717,"Horde"
"Brumymaci",6,0,11,"Evermoon","Punishers",14635,2613,"Horde"
"Sweetdreams",10,1,4,"Evermoon","Chaos Legion",14630,3616,"Horde"
"Islazandí",1,1,2,"Evermoon","",14620,2031,"Alliance"
"Dèv",22,0,11,"Tauri","Destroyer",14615,8279,"Alliance"
"Crannos",4,0,11,"Evermoon","Хранители Вечности",14615,1431,"Alliance"
"Crowlx",2,0,7,"Tauri","Moonlight Warriors",14610,129377,"Horde"
"Simiáki",5,0,5,"Tauri","Eperpüré",14605,2553,"Horde"
"Neophix",6,0,7,"Tauri","Death Vengeance",14580,95197,"Horde"
"Zolyy",6,0,11,"Tauri","Aljanépség",14565,288651,"Horde"
"Malvern",6,0,7,"Evermoon","Endless",14560,24137,"Horde"
"Loi",1,1,9,"Tauri","Excluded",14555,2322,"Alliance"
"Kikinda",1,1,1,"Tauri","CENZORED",14545,60294,"Alliance"
"Lexane",8,1,8,"Evermoon","",14535,4803,"Horde"
"Resathor",10,0,4,"Tauri","Serenity",14530,41295,"Horde"
"Punkpuszedli",3,1,3,"Tauri","Fire Falcon",14530,2365,"Alliance"
"Icantspin",2,0,1,"Evermoon","The Iron Horde",14525,1043,"Horde"
"Draqs",5,1,5,"Evermoon","A Murder of Crows",14520,1685,"Horde"
"Khinal",1,0,8,"Evermoon","Cinnabar",14490,57723,"Alliance"
"Judgementall",10,0,2,"Tauri","",14485,15663,"Horde"
"Mikestunyog",6,0,11,"Tauri","Last of Legion",14480,10498,"Horde"
"Darkcrowx",1,0,6,"Tauri","Sinn Féin",14475,5313,"Alliance"
"Felbathed",1,0,9,"Evermoon","Thunder",14475,1011,"Alliance"
"Qkamikaze",10,0,8,"Tauri","Lonely Wanderers",14465,13111,"Horde"
"Talina",11,1,2,"Tauri","Alliance Leveling",14455,20960,"Alliance"
"Tiéla",4,1,3,"Tauri","",14450,182598,"Alliance"
"Curanné",8,1,9,"Evermoon","",14440,113233,"Horde"
"Ghosth",1,0,2,"Tauri","",14440,100100,"Alliance"
"Naimh",10,1,5,"Tauri","Conclusion",14435,17123,"Horde"
"Saskeutiha",7,1,1,"Evermoon","gulag",14435,2828,"Alliance"
"Deathsoul",1,0,6,"Tauri","Demons Of Decay",14430,43409,"Alliance"
"Demonthrone",8,0,9,"Evermoon","The Carnivorous Snigels",14430,14820,"Horde"
"Predatorlady",4,1,3,"Tauri","Excluded",14425,51184,"Alliance"
"Lez",5,1,5,"Tauri","The Redeemers",14415,48878,"Horde"
"Aeneas",2,0,6,"Tauri","Legends Never Die",14415,46373,"Horde"
"Thanderyl",1,1,8,"Tauri","Fire Falcon",14415,763,"Alliance"
"Redfoxi",8,1,7,"Tauri","Rise of Legacy",14405,70674,"Horde"
"Sprikiss",2,0,1,"Evermoon","",14395,7034,"Horde"
"Kromgar",2,0,1,"Evermoon","Kawaii Pandas",14385,2215,"Horde"
"Csicskilda",8,1,5,"Tauri","Insane",14380,109093,"Horde"
"Kisokoska",7,1,9,"Tauri","Killepitsch",14380,50302,"Alliance"
"Amoren",4,1,11,"Evermoon","Crows at Midnight",14380,30090,"Alliance"
"Kubu",8,0,8,"Tauri","Death Vengeance",14380,12205,"Horde"
"Hellbringer",5,0,9,"Tauri","Seven Deadly Sins",14380,5422,"Horde"
"Hurkalee",2,0,3,"Tauri","HURKARÁGÓK",14375,9597,"Horde"
"Irumyuui",25,1,10,"Tauri","Angel Rune",14375,6391,"Alliance"
"Edkø",2,0,3,"Evermoon","",14375,2091,"Horde"
"Abjoco",8,0,11,"Tauri","",14365,63662,"Horde"
"Naturaleza",25,1,7,"Tauri","Echo of Silence",14360,29719,"Alliance"
"Blessybunny",25,0,10,"Evermoon","Dimension",14360,6776,"Alliance"
"Untrue",8,1,3,"Evermoon","Искатели легенд",14355,7835,"Horde"
"Griffenoires",22,0,6,"Evermoon","Tribunes of the Light",14345,761,"Alliance"
"Dream",11,1,2,"Tauri","Nonsense",14335,48455,"Alliance"
"Clawmoon",4,1,11,"Tauri","Outlaws",14330,45709,"Alliance"
"Renii",10,1,2,"Tauri","Forgotten Warriors",14330,22237,"Horde"
"Ashenpale",4,1,1,"Evermoon","Tribunes of the Light",14330,876,"Alliance"
"Pearlie",8,1,5,"Tauri","Ganksters Paradise",14320,67962,"Horde"
"Vilya",11,1,6,"Evermoon","Thunder",14295,476,"Alliance"
"Thrusteer",1,1,4,"Tauri","Outlaws",14290,200310,"Alliance"
"Chiasa",10,1,5,"Tauri","Unbound",14280,10492,"Horde"
"Raynira",4,1,11,"Tauri","Total Performance",14280,7172,"Alliance"
"Macifiú",10,0,2,"Tauri","Eye of the Phoenix",14280,6972,"Horde"
"Whitemoon",11,1,7,"Tauri","Destroyer",14270,319396,"Alliance"
"Maggico",1,0,8,"Evermoon","Ex Nihilo",14270,2906,"Alliance"
"Volaxor",11,1,3,"Evermoon","Crows at Midnight",14260,46040,"Alliance"
"Quintious",6,0,2,"Evermoon","Redemption",14250,42892,"Horde"
"Expack",9,0,9,"Evermoon","Who Cares",14250,3871,"Horde"
"Vang",2,0,1,"Tauri","Invincible",14250,1278,"Horde"
"Vladimir",2,0,1,"Tauri","Guild of Multiverse",14245,29955,"Horde"
"Aquamärine",8,1,7,"Evermoon","Aurora",14240,3549,"Horde"
"Deeyni",5,1,4,"Tauri","Insane",14235,74640,"Horde"
"Drhouse",1,1,5,"Evermoon","ßrazucas",14235,55842,"Alliance"
"Einsterolol",6,0,3,"Tauri","HalálSzárny",14235,47970,"Horde"
"Entille",4,1,11,"Evermoon","Fekete Hold",14235,17369,"Alliance"
"Menion",1,0,2,"Evermoon","Buccaneers Federated",14230,896,"Alliance"
"Emeraldia",11,1,7,"Evermoon","Cara Máxima",14225,2406,"Alliance"
"Venomorph",6,0,11,"Evermoon","OnlyFans",14205,33570,"Horde"
"Gomenrogue",7,0,4,"Evermoon","Test Drive",14205,8369,"Alliance"
"Keegann",26,0,7,"Tauri","Unbound",14190,16648,"Horde"
"Dotrogue",10,1,4,"Evermoon","Competence Optional",14190,10489,"Horde"
"Araethel",1,1,5,"Evermoon","Nightfallen",14175,2764,"Alliance"
"Guadaña",10,0,4,"Evermoon","Try Hard Team",14170,2170,"Horde"
"Arpente",8,1,3,"Evermoon","",14170,316,"Horde"
"Waramir",1,0,6,"Evermoon","Ex Nihilo",14160,20391,"Alliance"
"Malfuriano",8,0,11,"Evermoon","Punishers",14155,33731,"Horde"
"Portalcombat",1,0,8,"Evermoon","Leviathan",14155,12350,"Alliance"
"Fleety",10,1,4,"Tauri","DisillusiØned",14150,48567,"Horde"
"Werkfun",4,1,11,"Tauri","Outlaws",14140,42009,"Alliance"
"Drainy",7,0,9,"Evermoon","Test Drive",14140,1993,"Alliance"
"Tisstiris",11,1,6,"Tauri","Pandemonium",14135,25676,"Alliance"
"Menphis",10,0,5,"Tauri","Conclusion",14125,59947,"Horde"
"Nemron",1,0,6,"Tauri","Excluded",14115,116187,"Alliance"
"Deena",1,1,5,"Tauri","",14115,24159,"Alliance"
"Luxan",10,0,2,"Tauri","",14110,30714,"Horde"
"Meemphiis",10,1,2,"Evermoon","Unicorns",14110,27717,"Horde"
"Astrapulvis",1,0,1,"Evermoon","Crows at Midnight",14105,2674,"Alliance"
"Faformer",4,0,11,"Tauri","",14095,16610,"Alliance"
"Scimitar",3,1,4,"Evermoon","",14095,1452,"Alliance"
"Satiso",8,0,5,"Evermoon","Skill Issue",14090,3170,"Horde"
"Astan",1,0,2,"Evermoon","Brodate Drzewa",14085,39266,"Alliance"
"Deñix",2,1,1,"Tauri","High Heavens",14080,41319,"Horde"
"Yetalltwo",2,1,3,"Tauri","Infernum",14080,14880,"Horde"
"Flashjr",6,0,11,"Tauri","Wake me up clanga",14075,6853,"Horde"
"Ragingrage",2,0,1,"Evermoon","The Chosen One",14065,9192,"Horde"
"Laminut",22,1,1,"Tauri","Azeroth Hösei",14065,3253,"Alliance"
"Frackles",7,1,1,"Tauri","Inner Sanctum",14060,33613,"Alliance"
"Lunarel",4,1,4,"Evermoon","",14045,3431,"Alliance"
"Joksaa",2,0,1,"Evermoon","Vitality",14035,5564,"Horde"
"Gallium",9,0,5,"Tauri","Darkmist Vortex",14030,70884,"Horde"
"Jerardin",11,1,6,"Tauri","Eternity",14030,8252,"Alliance"
"Fanklian",2,0,1,"Evermoon","Aurora",14030,1251,"Horde"
"Maceey",25,1,4,"Tauri","Excluded",14025,884,"Alliance"
"Sekainotenno",10,0,2,"Tauri","",14020,60270,"Horde"
"Dinxwood",8,0,5,"Tauri","Public Enemies",14010,32245,"Horde"
"Alvendrass",4,1,8,"Tauri","Excluded",14005,1085,"Alliance"
"Vachon",1,0,2,"Tauri","Scarlet Crusade",14000,24621,"Alliance"
"Togara",2,1,7,"Evermoon","Vistustan",14000,6275,"Horde"
"Zajosprücsök",6,0,1,"Evermoon","Shadow Hunters",13995,23300,"Horde"
"Kozi",1,0,4,"Tauri","TOTAL ANNIHILATION",13995,10321,"Alliance"
"Willis",1,0,2,"Tauri","Killepitsch",13990,14971,"Alliance"
"Murzondin",4,0,1,"Evermoon","Defiance",13990,3022,"Alliance"
"Dérjanko",11,0,5,"Tauri","Bad Choice",13990,1748,"Alliance"
"Promisis",1,0,2,"Tauri","",13985,53206,"Alliance"
"Hoopokinca",10,1,4,"Evermoon","Rezes banda",13985,7068,"Horde"
"Vistan",10,0,5,"Tauri","Unbound",13970,42780,"Horde"
"Gladiator",1,0,1,"Tauri","Expeditionary Forces",13970,41612,"Alliance"
"Farblade",8,0,8,"Evermoon","The Echoes",13970,1912,"Horde"
"Outcastsoul",5,1,5,"Tauri","Aljanépség",13960,111757,"Horde"
"Firnen",10,1,6,"Tauri","",13960,8703,"Horde"
"Rdzio",2,0,1,"Evermoon","Muzykanci z Gruzji",13960,5191,"Horde"
"Mcstrans",1,0,8,"Tauri","Outlaws",13950,126958,"Alliance"
"Lollipop",5,0,9,"Tauri","Conclusion",13950,50252,"Horde"
"Csövesbáánat",8,1,8,"Tauri","",13935,30584,"Horde"
"Daenarya",4,1,11,"Tauri","Echo of Silence",13930,53323,"Alliance"
"Ophelyia",10,1,2,"Evermoon","The Dark Exile",13925,1053,"Horde"
"Aphelleon",4,1,11,"Evermoon","Fekete Hold",13920,194893,"Alliance"
"Ardrakàr",10,1,6,"Evermoon","Harbingers",13915,6470,"Horde"
"Software",2,0,3,"Tauri","The Executioners Of Sargeras",13910,65632,"Horde"
"Supernal",11,1,2,"Tauri","",13910,58438,"Alliance"
"Jádenwágen",1,1,5,"Tauri","Inner Sanctum",13910,10163,"Alliance"
"Nyaktörö",4,0,3,"Tauri","Lighting Darkness",13910,5693,"Alliance"
"Avecaesar",2,0,1,"Tauri","Infernum",13895,158369,"Horde"
"Marisox",11,1,2,"Evermoon","Cara Máxima",13895,10807,"Alliance"
"Wayder",3,0,6,"Tauri","Deja Vu",13895,4001,"Alliance"
"Hudi",1,0,8,"Tauri","Echo of Silence",13890,91428,"Alliance"
"Warrógép",3,1,1,"Tauri","The Exiled Brotherhood",13890,46049,"Alliance"
"Angelis",10,1,2,"Tauri","Public Enemies",13880,61682,"Horde"
"Courthuzad",8,1,9,"Tauri","Insane",13875,21721,"Horde"
"Грозартакк",6,0,7,"Evermoon","Н А Т Е",13875,1288,"Horde"
"Dawil",2,1,3,"Tauri","Chaos Destroyers",13870,163042,"Horde"
"Pumby",5,0,5,"Tauri","Public Enemies",13870,48280,"Horde"
"Berserk",2,0,1,"Tauri","Ruthless",13870,11994,"Horde"
"Powerwave",4,1,11,"Tauri","",13860,68386,"Alliance"
"Sttormy",1,1,10,"Evermoon","",13860,26707,"Alliance"
"Shakesnake",5,0,4,"Evermoon","A Murder of Crows",13860,4334,"Horde"
"Citadel",10,1,3,"Tauri","Guild of Multiverse",13855,77744,"Horde"
"Rasalgoul",9,1,5,"Evermoon","Endless",13855,14605,"Horde"
"Illshot",4,1,3,"Tauri","Rathis Tago",13850,2902,"Alliance"
"Enyd",4,1,11,"Evermoon","Havana Club",13845,9485,"Alliance"
"Kremus",11,0,2,"Tauri","Lorewalkers",13845,4050,"Alliance"
"Hertox",2,0,6,"Tauri","Darkmist Vortex",13840,31757,"Horde"
"Flexy",8,1,11,"Tauri","Exiled",13840,6930,"Horde"
"Thedie",2,0,1,"Evermoon","The Unstoppable",13835,2989,"Horde"
"Corpsegrind",4,0,1,"Tauri","Corpsegrind Pálinkái",13830,152934,"Alliance"
"Álomkép",1,1,5,"Tauri","Insurrección",13830,3157,"Alliance"
"Temmari",1,1,3,"Evermoon","Eternal",13825,6641,"Alliance"
"Twinblade",4,1,11,"Tauri","Echo of Silence",13820,64564,"Alliance"
"Lavantor",10,1,10,"Evermoon","Искатели легенд",13815,24857,"Horde"
"Powresitta",7,1,5,"Evermoon","Comrades",13810,15315,"Alliance"
"Felic",1,0,8,"Tauri","BOOSTED",13800,46488,"Alliance"
"Sparxos",11,0,2,"Evermoon","Army of Divergent",13800,14436,"Alliance"
"Ärden",1,0,1,"Tauri","Lighting Darkness",13795,29772,"Alliance"
"Maczuga",2,0,7,"Evermoon","KEK",13795,8582,"Horde"
"Crisaegrim",8,1,8,"Tauri","Ganksters Paradise",13790,110275,"Horde"
"Evilinmyeyes",1,0,6,"Tauri","",13785,9334,"Alliance"
"Elixenorr",4,1,3,"Tauri","Inner Sanctum",13780,56986,"Alliance"
"Liyasilver",10,1,4,"Tauri","Infernum",13780,9840,"Horde"
"Rheanyra",25,1,3,"Evermoon","",13780,1320,"Alliance"
"Ixnay",4,0,11,"Tauri","TOTAL ANNIHILATION",13775,55950,"Alliance"
"Koson",10,0,8,"Tauri","Infernum",13775,43501,"Horde"
"Therush",2,0,1,"Evermoon","Ominous",13775,21576,"Horde"
"Márkoo",2,1,3,"Tauri","",13770,34262,"Horde"
"Hootsclaws",22,0,11,"Evermoon","Cara Máxima",13770,2286,"Alliance"
"Nathrael",10,0,9,"Tauri","",13760,202015,"Horde"
"Rønja",22,1,4,"Evermoon","",13760,2114,"Alliance"
"Beardys",2,0,4,"Evermoon","The Unstoppable",13745,5128,"Horde"
"Arahlaz",4,1,11,"Evermoon","Wipe Happens",13745,4223,"Alliance"
"Yuvhelt",22,0,3,"Evermoon","Foundation",13745,2541,"Alliance"
"Moribundi",8,1,9,"Evermoon","Shadows and Light",13730,2640,"Horde"
"Nórika",10,1,5,"Tauri","League of Brotherhood",13725,1971,"Horde"
"Läräcrøft",10,1,2,"Tauri","",13700,77370,"Horde"
"Tegool",8,0,3,"Evermoon","",13700,7640,"Horde"
"Gloryaelf",4,1,11,"Tauri","Lighting Darkness",13690,5446,"Alliance"
"Nendilia",10,1,2,"Evermoon","Horsdemavue",13685,200,"Horde"
"Astroid",10,1,2,"Evermoon","Искатели легенд",13680,28930,"Horde"
"Prîestîna",1,1,5,"Tauri","",13680,21879,"Alliance"
"Ivó",11,0,1,"Evermoon","Wonkru Hun",13680,12025,"Alliance"
"Artens",11,0,8,"Tauri","Bad Choice",13675,6205,"Alliance"
"Firstelite",1,1,8,"Tauri","Idosek Klubja",13670,7033,"Alliance"
"Retaliation",2,0,1,"Tauri","Public Enemies",13660,83788,"Horde"
"Aquaan",1,1,3,"Evermoon","Crows at Midnight",13655,7707,"Alliance"
"Oceanborn",11,1,8,"Evermoon","Army of Divergent",13640,4954,"Alliance"
"Quickbeam",11,1,8,"Tauri","Divine Brotherhood",13630,129617,"Alliance"
"Leventhe",1,0,2,"Evermoon","Fekete Hold",13630,39069,"Alliance"
"Carlierae",11,1,8,"Tauri","Nonsense",13625,28569,"Alliance"
"Sulfrang",2,0,1,"Tauri","Cradle",13620,16823,"Horde"
"Strimey",11,0,1,"Tauri","Killepitsch",13615,1615,"Alliance"
"Mohera",4,1,11,"Tauri","",13610,32736,"Alliance"
"Madeline",11,1,8,"Evermoon","",13605,723,"Alliance"
"Soul",10,1,8,"Evermoon","Shadow Hunters",13580,20554,"Horde"
"Goldenwing",10,0,2,"Tauri","Gwynbleidd",13580,11732,"Horde"
"Amynaa",4,1,5,"Tauri","Dark Room",13580,653,"Alliance"
"Gyi",4,1,11,"Tauri","Outlaws",13575,3598,"Alliance"
"Havasoki",2,0,6,"Tauri","and the Red Devils",13565,6493,"Horde"
"Blazsi",2,0,1,"Tauri","Zugfözde",13565,1814,"Horde"
"Nerlai",4,0,3,"Tauri","Reunited",13565,1167,"Alliance"
"Pandapunk",25,0,10,"Evermoon","El Ultimo Checkpoint",13565,704,"Alliance"
"Kunfupandaa",25,0,1,"Evermoon","Wolhaiksong",13560,2221,"Alliance"
"Tees",1,0,6,"Tauri","Man In Motion",13560,1467,"Alliance"
"Darkatas",1,0,3,"Evermoon","Yin Yang",13555,7812,"Alliance"
"Marilynn",11,1,6,"Tauri","Horus Heresy",13550,31907,"Alliance"
"Allysong",10,1,6,"Evermoon","",13550,2460,"Horde"
"Manokanyul",4,0,11,"Tauri","Reborn of Aegis",13545,36596,"Alliance"
"Скрытный",5,0,4,"Evermoon","Искатели легенд",13545,19898,"Horde"
"Wotan",11,0,1,"Tauri","Kings of Alliance",13545,3340,"Alliance"
"Daggor",6,0,11,"Tauri","Elders of illuminat",13540,103133,"Horde"
"Etnies",4,1,1,"Tauri","",13540,92866,"Alliance"
"Bloudy",10,0,2,"Tauri","Unbound",13540,50740,"Horde"
"Ephixa",2,0,1,"Tauri","Insane",13540,43880,"Horde"
"Omniknightt",11,1,2,"Evermoon","Yin Yang",13535,4792,"Alliance"
"Alyx",11,1,7,"Tauri","Lighting Darkness",13530,20962,"Alliance"
"Kholdun",5,0,9,"Evermoon","Ñ GANG",13530,3530,"Horde"
"Mithos",3,0,2,"Tauri","WatchMaHeals",13525,64582,"Alliance"
"Tünc",10,1,2,"Tauri","Death Vengeance",13525,55984,"Horde"
"Earthblast",6,0,11,"Evermoon","Unicorns",13515,3248,"Horde"
"Exithheck",11,1,5,"Tauri","Bad Choice",13510,7569,"Alliance"
"Rilya",22,1,8,"Tauri","Reunited",13510,4140,"Alliance"
"Leethäxor",1,0,4,"Tauri","Lighting Darkness",13505,14426,"Alliance"
"Erwylh",10,0,5,"Tauri","",13500,205033,"Horde"
"Sillentboy",8,0,4,"Tauri","GOD HACKED US",13500,64887,"Horde"
"Retriksz",8,0,11,"Tauri","",13500,15141,"Horde"
"Ephrahim",2,1,9,"Evermoon","",13500,639,"Horde"
"Popontosz",4,0,1,"Tauri","Dark Room",13495,58002,"Alliance"
"Vasimaster",2,0,3,"Tauri","Verified",13495,47855,"Horde"
"Unnerved",4,1,5,"Evermoon","",13495,12392,"Alliance"
"Pancitadulce",1,1,2,"Evermoon","ForTheAlliance",13495,4118,"Alliance"
"Radioheadfun",4,1,5,"Tauri","Pandora",13490,178207,"Alliance"
"Imperol",8,0,7,"Tauri","",13490,141924,"Horde"
"Plagueheart",5,0,9,"Tauri","Public Enemies",13480,84576,"Horde"
"Lovas",1,0,2,"Tauri","Killepitsch",13480,42067,"Alliance"
"Ethiriel",4,1,11,"Evermoon","Paradigm",13480,27968,"Alliance"
"Borsodik",1,1,6,"Tauri","Killepitsch",13480,8985,"Alliance"
"Rhaekor",2,0,6,"Evermoon","Grupo Tera",13475,6513,"Horde"
"Kimbatt",4,0,11,"Tauri","Pandemonium",13470,250007,"Alliance"
"Nurpan",26,0,10,"Evermoon","Golden Horde",13465,635,"Horde"
"Maxwell",2,0,6,"Tauri","The Executioners Of Sargeras",13460,168547,"Horde"
"Sebí",1,0,1,"Tauri","Lorewalkers",13460,40489,"Alliance"
"Szerénke",11,1,2,"Evermoon","FallenAngels",13460,23269,"Alliance"
"Fahasogató",1,0,2,"Tauri","Falka",13455,297160,"Alliance"
"Rahra",4,1,5,"Tauri","Pure Dominion",13440,8690,"Alliance"
"Helenix",1,0,3,"Evermoon","Wolhaiksong",13430,17117,"Alliance"
"Fóbia",2,0,6,"Tauri","",13430,3040,"Horde"
"Vyctim",1,0,1,"Tauri","Blood drop",13425,22268,"Alliance"
"Jägërmëistër",1,1,4,"Tauri","Killepitsch",13420,36411,"Alliance"
"Блотрикс",2,0,1,"Evermoon","Искатели легенд",13415,7547,"Horde"
"Kelant",10,0,2,"Evermoon","The Echoes",13415,6631,"Horde"
"Jadethigths",25,1,10,"Evermoon","I Unión  Esencial I   ",13410,1418,"Alliance"
"Harvick",2,0,7,"Tauri","Public Enemies",13405,41296,"Horde"
"Hardwest",8,1,4,"Tauri","Legends Never Die",13400,4077,"Horde"
"Dyanah",10,1,2,"Evermoon","Wipes on Tresh",13395,72527,"Horde"
"Rixi",10,0,8,"Evermoon","Aranytoll",13395,1364,"Horde"
"Disgusti",5,0,9,"Tauri","The Special Edition",13390,1139,"Horde"
"Tízer",11,0,2,"Tauri","Blood drop",13385,11396,"Alliance"
"Revelry",5,0,8,"Tauri","GOD HACKED US",13380,61596,"Horde"
"Arantir",4,0,11,"Tauri","The Unforgiven",13380,41602,"Alliance"
"Moonhshine",4,1,11,"Tauri","Azeroth Hösei",13380,11632,"Alliance"
"Billilos",1,0,8,"Evermoon","",13375,80059,"Alliance"
"Gaberto",1,0,1,"Tauri","Destroyer",13365,19050,"Alliance"
"Fedro",4,0,3,"Tauri","",13360,3362,"Alliance"
"Øri",1,0,9,"Tauri","Outlaws",13355,11889,"Alliance"
"Codrake",8,0,4,"Tauri","Guildless",13355,6316,"Horde"
"Sapkatartó",9,0,7,"Tauri","Public Enemies",13350,13659,"Horde"
"Jormungand",10,0,2,"Tauri","",13340,76968,"Horde"
"Culiao",1,0,10,"Evermoon","Descent into Madness",13335,905,"Alliance"
"Malatempora",5,0,9,"Evermoon","",13325,471,"Horde"
"Kaboomhilda",1,1,9,"Evermoon","",13320,10545,"Alliance"
"Justicia",4,0,3,"Tauri","Holy Sentinels",13315,724440,"Alliance"
"Hunpapa",1,0,5,"Tauri","Mindhalálig Rock and WoW",13315,25109,"Alliance"
"Richhi",6,0,7,"Tauri","Insane",13305,34137,"Horde"
"Шампеньенка",11,1,7,"Evermoon","Хранители Вечности",13295,809,"Alliance"
"Andruv",4,0,1,"Tauri","Outlaws",13290,101941,"Alliance"
"Atroxes",2,0,3,"Evermoon","Eventide",13290,31059,"Horde"
"Darlan",8,0,8,"Evermoon","A Murder of Crows",13290,2332,"Horde"
"Aeriel",10,1,5,"Evermoon","Redemption",13285,3536,"Horde"
"Palagabor",1,0,2,"Tauri","Echo of Silence",13280,12440,"Alliance"
"Ratededge",4,0,4,"Tauri","Last Whisper",13270,4116,"Alliance"
"Hecatio",4,0,8,"Evermoon","El Ultimo Checkpoint",13265,1290,"Alliance"
"Denorine",1,1,3,"Tauri","",13255,37920,"Alliance"
"Legacydragon",11,0,6,"Tauri","Outlaws",13255,3036,"Alliance"
"Monsterwatt",1,0,8,"Tauri","Inner Sanctum",13250,30926,"Alliance"
"Soldor",2,0,6,"Tauri","Public Enemies",13250,1857,"Horde"
"Wattx",7,1,8,"Tauri","Reunited",13240,64446,"Alliance"
"Whitelow",8,0,8,"Tauri","Hordecore Pørnstars",13230,8817,"Horde"
"Barnacle",7,0,8,"Tauri","",13225,40307,"Alliance"
"Lentos",5,0,4,"Tauri","",13220,3362,"Horde"
"Gerält",4,0,1,"Tauri","Fate",13215,9765,"Alliance"
"Cëletricy",26,1,7,"Evermoon","Solo Leveling",13215,6500,"Horde"
"Tüptüpdora",4,0,11,"Tauri","Testament",13210,5862,"Alliance"
"Pyromaniac",8,0,8,"Tauri","Insane",13205,11733,"Horde"
"Arsis",8,0,9,"Evermoon","Warlords of Destruction",13205,2216,"Horde"
"Kiersteny",22,1,6,"Evermoon","New World Order",13205,541,"Alliance"
"Surfingbirdz",8,1,5,"Tauri","Insane",13200,66923,"Horde"
"Ärmodeuss",2,0,6,"Tauri","",13195,132360,"Horde"
"Unparalleled",2,1,3,"Evermoon","Harbingers",13190,58806,"Horde"
"Shadowlorrd",6,0,11,"Tauri","Legends Never Die",13190,516,"Horde"
"Lacal",8,0,4,"Tauri","Guild of Multiverse",13185,3923,"Horde"
"Liahne",10,1,6,"Tauri","Nightmare",13185,954,"Horde"
"Gerchan",10,0,2,"Tauri","The CsirkePulyka Team",13180,21835,"Horde"
"Midranger",10,1,2,"Evermoon","Impact",13175,1458,"Horde"
"Mallon",11,0,7,"Tauri","Outlaws",13170,68311,"Alliance"
"Hetale",25,1,7,"Tauri","Bad Choice",13170,1722,"Alliance"
"Dotpally",10,1,2,"Evermoon","Competence Optional",13165,64542,"Horde"
"Akyia",10,1,2,"Tauri","Behemots Division",13165,25094,"Horde"
"Blodlokan",2,0,6,"Tauri","Detoxin",13160,2640,"Horde"
"Forgot",2,0,6,"Tauri","Guild of Multiverse",13155,47889,"Horde"
"Prostregon",10,0,9,"Tauri","Nightmare",13155,8489,"Horde"
"Zelzar",8,0,7,"Tauri","Blade of Justice",13155,1203,"Horde"
"Ronson",1,0,1,"Tauri","",13150,39901,"Alliance"
"Darnion",2,0,3,"Tauri","Fallen Angels",13145,21458,"Horde"
"Lanikea",11,1,7,"Evermoon","Les Frères de la Côte",13145,1053,"Alliance"
"Alapal",1,1,2,"Tauri","",13140,111091,"Alliance"
"Xpolyak",4,1,11,"Tauri","",13140,63085,"Alliance"
"ßläd",10,0,6,"Tauri","",13140,42589,"Horde"
"Yakose",2,0,1,"Tauri","Booty Bay Butchers",13140,40131,"Horde"
"Pyrostregina",10,1,8,"Tauri","Nightmare",13135,78774,"Horde"
"Thundan",4,0,11,"Tauri","Outlaws",13135,40419,"Alliance"
"Rurykhan",2,0,1,"Tauri","",13135,13244,"Horde"
"Phoenix",6,0,2,"Tauri","",13120,25194,"Horde"
"Cätaflam",8,1,9,"Tauri","",13120,21094,"Horde"
"Dasslerond",1,1,6,"Tauri","Excluded",13120,1129,"Alliance"
"Belgarath",11,0,7,"Evermoon","Test Drive",13115,1950,"Alliance"
"Emilxc",10,0,3,"Tauri","Öngyilkos osztag",13115,1600,"Horde"
"Payn",2,0,1,"Tauri","Rise of the Brotherhood",13110,11536,"Horde"
"Carletta",22,1,1,"Tauri","Fire Falcon",13110,6946,"Alliance"
"Kmiglas",4,0,3,"Evermoon","Arco Latinos",13110,920,"Alliance"
"Byronaron",5,1,5,"Tauri","High Heavens",13105,44224,"Horde"
"Rizzs",1,1,2,"Tauri","",13100,14600,"Alliance"
"Mezeijozsi",25,0,8,"Tauri","Gombsegg es Bignose",13100,13274,"Alliance"
"Dalanth",10,0,4,"Tauri","",13095,43111,"Horde"
"Sylvermoon",4,0,3,"Tauri","Exemplar",13090,21434,"Alliance"
"Source",5,0,4,"Evermoon","Chicken Squad",13090,2252,"Horde"
"Olafson",2,0,1,"Evermoon","Artificial Evolution",13090,601,"Horde"
"Daimler",3,0,2,"Tauri","Elit CPU",13080,12470,"Alliance"
"Anniqua",11,1,5,"Tauri","BOOSTED",13075,13298,"Alliance"
"Allerien",10,1,3,"Tauri","",13070,24940,"Horde"
"Teroldan",1,0,6,"Tauri","Inner Sanctum",13065,15296,"Alliance"
"Tabyo",22,0,11,"Evermoon","Chimken and the Nuggies",13065,810,"Alliance"
"Aerexxis",8,1,7,"Evermoon","Chaos Legion",13060,775,"Horde"
"Gymcel",1,0,1,"Evermoon","Crows at Midnight",13055,15418,"Alliance"
"Mælyss",1,1,9,"Evermoon","Test Drive",13055,1092,"Alliance"
"Zhadim",10,0,9,"Tauri","Fusion",13050,19065,"Horde"
"Osseric",8,0,3,"Tauri","",13050,2126,"Horde"
"Eone",10,1,8,"Tauri","Infernum",13045,15727,"Horde"
"Sámcica",11,1,7,"Tauri","Excluded",13040,159781,"Alliance"
"Noremorse",5,0,6,"Evermoon","Искатели легенд",13040,61916,"Horde"
"Gomen",11,1,7,"Tauri","DToX",13040,18178,"Alliance"
"Mannapala",1,0,2,"Tauri","Lighting Darkness",13040,10855,"Alliance"
"Steamy",1,1,4,"Tauri","",13030,46303,"Alliance"
"Bángó",8,0,1,"Tauri","E T A",13030,25767,"Horde"
"Xayera",11,0,7,"Tauri","",13030,15119,"Alliance"
"Jassua",10,1,5,"Tauri","Public Enemies",13030,4355,"Horde"
"Xelendorei",10,1,8,"Tauri","Beton Logok Szar Karikkal",13025,107057,"Horde"
"Zoldir",1,1,9,"Evermoon","Ace Of Spades",13025,64907,"Alliance"
"Mular",8,0,8,"Tauri","GET REKT SON",13025,32492,"Horde"
"Nehézgalamb",8,0,8,"Tauri","Dream Paragon",13025,7056,"Horde"
"Xezoti",4,1,11,"Tauri","Sinn Féin",13020,7975,"Alliance"
"Kittykee",4,1,11,"Tauri","",13020,4451,"Alliance"
"Redphoenixx",7,0,8,"Tauri","",13015,171233,"Alliance"
"Wlendolyn",11,1,7,"Tauri","",13010,6721,"Alliance"
"Sanivas",10,0,6,"Tauri","",13005,26400,"Horde"
"Cushidra",2,0,6,"Tauri","Rise of Legacy",13005,10455,"Horde"
"Elvana",10,1,2,"Tauri","",13000,26129,"Horde"
"Blorden",2,0,3,"Tauri","Insane",13000,13126,"Horde"
"Pentár",4,0,1,"Tauri","Talicska",13000,7198,"Alliance"
"Kessie",2,1,7,"Evermoon","Phoenix Legion",13000,3883,"Horde"
"Kajacola",9,0,8,"Evermoon","Nexxus",13000,917,"Horde"
"Dïttø",8,1,11,"Evermoon","Meowh fan club",12995,19112,"Horde"
"Rätededge",22,0,4,"Tauri","Blood drop",12995,12868,"Alliance"
"Heliaca",4,1,11,"Tauri","Dawnguard",12995,4451,"Alliance"
"Euphyley",1,1,5,"Tauri","HATERS ARE NOT WELCOME",12990,26461,"Alliance"
"Loneliness",10,1,5,"Evermoon","Depravity",12985,11911,"Horde"
"Pocket",8,1,8,"Evermoon","Raidloggen",12985,4142,"Horde"
"Dezrog",8,1,4,"Evermoon","Zsibbadt egerek",12980,17585,"Horde"
"Catrules",4,1,11,"Tauri","LotsOfThings",12965,28993,"Alliance"
"Snowfläke",22,1,6,"Tauri","Lighting Darkness",12965,8030,"Alliance"
"Lycandruid",22,0,11,"Evermoon","Requiem",12965,3961,"Alliance"
"Csuvik",22,0,6,"Tauri","Reunited",12965,3882,"Alliance"
"Evangelium",26,0,5,"Evermoon","Skill Issue",12965,2217,"Horde"
"Annone",4,0,11,"Tauri","Demons Of Decay",12950,142948,"Alliance"
"Floure",11,0,7,"Tauri","",12950,65077,"Alliance"
"Shukumei",10,0,3,"Tauri","",12950,7486,"Horde"
"Pestabá",10,0,2,"Tauri","Dark Synergy",12950,7407,"Horde"
"Assurbanipal",10,0,2,"Tauri","Yakitori",12945,3980,"Horde"
"Nyuszigyuszi",22,1,11,"Tauri","",12940,42492,"Alliance"
"Drakeex",6,0,11,"Tauri","Lonely Wanderers",12940,1617,"Horde"
"Ninakai",8,1,11,"Evermoon","",12935,1579,"Horde"
"Elianadark",2,1,3,"Evermoon","Skill Issue",12935,1341,"Horde"
"Aislin",10,1,8,"Tauri","Conclusion",12930,32100,"Horde"
"Vaishyas",11,1,6,"Tauri","Killepitsch",12930,10899,"Alliance"
"Enki",1,1,2,"Evermoon","Cookie Squad",12925,23161,"Alliance"
"Sadistic",11,1,3,"Tauri","",12920,58554,"Alliance"
"Bazdki",1,0,9,"Tauri","",12920,42931,"Alliance"
"Melisara",5,1,4,"Tauri","GOD HACKED US",12915,75476,"Horde"
"Rofusz",22,0,3,"Tauri","BOOSTED",12915,7717,"Alliance"
"Majomkodo",8,0,7,"Tauri","Rise of the Brotherhood",12915,7163,"Horde"
"Tahal",6,0,1,"Tauri","Yes TRY It",12915,4548,"Horde"
"Bugsky",2,0,7,"Tauri","Conclusion",12915,4045,"Horde"
"Cukrownik",22,1,1,"Evermoon","Army of Divergent",12915,1192,"Alliance"
"Esztelior",4,0,4,"Tauri","Defenders of Nagrand",12910,32686,"Alliance"
"Kubolinek",22,0,1,"Evermoon","Brodate Drzewa",12910,2810,"Alliance"
"Valensz",5,1,4,"Tauri","High Heavens",12905,13000,"Horde"
"Notesz",10,1,5,"Evermoon","Dark Forest",12905,1672,"Horde"
"Treefa",4,1,11,"Tauri","",12900,82061,"Alliance"
"Kahir",3,0,1,"Tauri","Demons Of Decay",12900,6798,"Alliance"
"Combsuela",8,1,8,"Tauri","Ganksters Paradise",12890,43102,"Horde"
"Scour",4,1,3,"Tauri","Items From Scour",12890,24293,"Alliance"
"Mielmara",11,1,8,"Tauri","Ó Divine",12890,22419,"Alliance"
"Szokekola",10,1,4,"Tauri","HalálSzárny",12885,76674,"Horde"
"Pippofanatic",1,0,1,"Tauri","",12885,16095,"Alliance"
"Malki",1,0,2,"Tauri","Echo of Silence",12880,33064,"Alliance"
"Kyra",11,1,2,"Tauri","Lighting Darkness",12880,4535,"Alliance"
"Doromar",1,0,1,"Tauri","Storm of Vengeance",12880,1076,"Alliance"
"Prostregina",10,1,5,"Tauri","Nightmare",12875,116163,"Horde"
"Selirra",1,1,5,"Tauri","The Light of Dawn",12875,9780,"Alliance"
"Liebling",1,1,4,"Tauri","CENZORED",12865,65734,"Alliance"
"Trípp",2,1,6,"Tauri","Aljanépség",12865,27685,"Horde"
"Permabán",8,1,11,"Evermoon","",12860,1135,"Horde"
"Gorlich",10,0,2,"Tauri","Sanitarium",12855,53350,"Horde"
"Vigyázzharap",10,1,6,"Tauri","Pain and Agony",12855,24030,"Horde"
"Snowcat",2,0,3,"Evermoon","Чайная Вечеринка",12855,3692,"Horde"
"Anarchangel",11,1,6,"Tauri","War within a Breath",12850,36907,"Alliance"
"Huszär",6,0,1,"Tauri","",12850,24244,"Horde"
"Yuyøhakusø",2,0,6,"Tauri","",12840,110426,"Horde"
"Rulzlól",5,0,5,"Tauri","Darkmist Vortex",12840,88498,"Horde"
"Senatine",8,0,8,"Evermoon","Incendia",12835,140694,"Horde"
"Sifuu",1,0,2,"Tauri","Frostmourne Silverwing",12835,41212,"Alliance"
"Kritah",2,1,3,"Tauri","",12830,120830,"Horde"
"Enchantboyka",5,0,4,"Tauri","",12830,25435,"Horde"
"Erilin",1,1,8,"Tauri","Outlaws",12825,9940,"Alliance"
"Vanillinae",10,1,3,"Tauri","Ethereal Doom",12815,40135,"Horde"
"Padlina",10,0,6,"Evermoon","Vistustan",12815,3014,"Horde"
"Chasee",8,1,11,"Tauri","Son of Anarchy",12810,37112,"Horde"
"Belchior",4,0,1,"Tauri","Sanctimonious",12810,7637,"Alliance"
"Dkpo",10,0,2,"Tauri","Hordecore Pørnstars",12810,3760,"Horde"
"Mmurloc",8,1,8,"Tauri","Rémálom Az Elf Utcában",12810,2070,"Horde"
"Darthrohan",1,0,2,"Evermoon","Yin Yang",12810,876,"Alliance"
"Manderiano",7,0,9,"Evermoon","Arco Latinos",12810,660,"Alliance"
"Jukile",1,0,2,"Tauri","The Light of Dawn",12805,50405,"Alliance"
"Xendor",1,1,8,"Tauri","Pandemonium",12800,318198,"Alliance"
"Gùldan",8,0,9,"Tauri","Revenge For Sunwell",12800,29940,"Horde"
"Macskavagyok",1,1,1,"Tauri","RandomS",12800,8111,"Alliance"
"Sztrati",4,0,11,"Tauri","",12795,16957,"Alliance"
"Lottbrock",1,0,6,"Tauri","Lighting Darkness",12795,9726,"Alliance"
"Anig",10,1,2,"Evermoon","",12795,531,"Horde"
"Zoogar",10,0,2,"Tauri","",12780,42296,"Horde"
"Sabrethale",10,1,4,"Tauri","Insistence",12775,9047,"Horde"
"Neryei",11,1,1,"Evermoon","Ace Of Spades",12775,1298,"Alliance"
"Azazel",2,0,6,"Tauri","",12770,63953,"Horde"
"Shackallina",4,1,11,"Tauri","HunDevils",12770,31028,"Alliance"
"Szacs",8,1,4,"Tauri","",12770,6905,"Horde"
"Bäräsüïshöüx",11,1,3,"Evermoon","Maleficent Tea Party",12765,275666,"Alliance"
"Kriszqt",1,1,6,"Evermoon","Army of Divergent",12765,119331,"Alliance"
"Uglyfriend",2,1,9,"Evermoon","Spaghetti Stealers",12755,13183,"Horde"
"Ravazar",2,0,7,"Tauri","Aljanépség",12750,215899,"Horde"
"Wëävën",2,0,6,"Tauri","Insane",12750,11685,"Horde"
"Mifillion",22,0,11,"Tauri","",12750,9694,"Alliance"
"Dorizarn",1,0,4,"Evermoon","",12750,836,"Alliance"
"Darkwarnka",2,1,6,"Tauri","Conclusion",12740,58559,"Horde"
"Deathnorris",1,0,6,"Tauri","",12740,25905,"Alliance"
"Permában",8,1,10,"Evermoon","",12740,2814,"Horde"
"Roarhunter",8,1,3,"Evermoon","Shadow Hunters",12735,21286,"Horde"
"Hosszúpálca",1,0,8,"Tauri","Shadows",12735,16858,"Alliance"
"Motrdecay",4,0,11,"Tauri","Azeroth Hösei",12735,2464,"Alliance"
"Urbano",1,0,2,"Evermoon","Domingueros level Dios",12735,808,"Alliance"
"Ryellaa",10,1,6,"Tauri","Legends Never Die",12730,12725,"Horde"
"Scinhed",5,0,1,"Tauri","",12725,42403,"Horde"
"Kaloumi",22,1,3,"Evermoon","Plows sans Frontières",12725,3721,"Alliance"
"Wedkarz",10,0,9,"Evermoon","",12725,3271,"Horde"
"Bacton",1,0,1,"Tauri","Reunited",12720,21120,"Alliance"
"Tyrella",10,1,4,"Tauri","Darkmist Vortex",12720,15879,"Horde"
"Békapete",26,1,3,"Tauri","",12715,11552,"Horde"
"Schroox",2,0,1,"Evermoon","",12715,5072,"Horde"
"Hungaricum",2,0,1,"Tauri","MacskaSzem",12710,45928,"Horde"
"Hópamacska",4,1,5,"Tauri","Tébolyodott",12710,30243,"Alliance"
"Crass",2,0,4,"Tauri","E T A",12710,20116,"Horde"
"Malínía",10,1,8,"Tauri","Resurrection",12710,321,"Horde"
"Yungminli",26,1,10,"Evermoon","EL CARTEL DE AZEROTH",12705,2257,"Horde"
"Lighto",10,0,2,"Tauri","Darkmist Vortex",12700,8928,"Horde"
"Ox",4,1,11,"Tauri","Sinn Féin",12700,7594,"Alliance"
"Emerex",8,1,11,"Evermoon","Shadow Hunters",12690,46521,"Horde"
"Gerou",1,0,10,"Evermoon","Test Drive",12690,2150,"Alliance"
"Caldven",10,0,4,"Tauri","Ottoman Empire",12685,14697,"Horde"
"Paczika",1,1,3,"Tauri","Klub",12685,1574,"Alliance"
"Bass",6,0,1,"Tauri","Dream Paragon",12675,35547,"Horde"
"Ricsisámi",8,0,7,"Tauri","",12675,13983,"Horde"
"Trajdruid",6,0,11,"Tauri","United Force",12675,10196,"Horde"
"Squishy",2,0,3,"Tauri","Public Enemies",12675,2474,"Horde"
"Athenae",5,1,8,"Tauri","Insane",12670,78370,"Horde"
"Stoxi",1,1,3,"Evermoon","",12670,58177,"Alliance"
"Azeth",22,0,6,"Tauri","Tébolyodott",12670,32079,"Alliance"
"Deach",2,1,4,"Tauri","",12670,11341,"Horde"
"Peca",11,0,2,"Tauri","CENZORED",12665,405330,"Alliance"
"Playful",10,1,5,"Evermoon","",12665,196252,"Horde"
"Amorîs",4,1,11,"Tauri","Shadows",12665,69486,"Alliance"
"Illidorien",10,1,5,"Tauri","Pirates of Azeroth",12665,17681,"Horde"
"Endlessly",8,0,11,"Tauri","Conclusion",12665,9566,"Horde"
"Metcol",1,0,1,"Tauri","Reunited",12660,56992,"Alliance"
"Drinkman",22,0,9,"Evermoon","Ace Of Spades",12655,27593,"Alliance"
"Shelys",10,1,8,"Tauri","Public Enemies",12650,31583,"Horde"
"Damodar",1,0,2,"Evermoon","Logic",12645,281,"Alliance"
"Avaritia",5,1,5,"Tauri","Insane",12640,71095,"Horde"
"Danganronpa",6,0,2,"Tauri","Equilibrium",12640,13681,"Horde"
"Ytlon",4,0,1,"Tauri","TOTAL ANNIHILATION",12640,12815,"Alliance"
"Swarley",2,0,1,"Tauri","",12640,1599,"Horde"
"Dziara",9,0,5,"Evermoon","Pantheon",12635,38977,"Horde"
"Elukka",3,0,3,"Evermoon","",12630,10158,"Alliance"
"Varellia",10,1,4,"Tauri","Insane",12630,4451,"Horde"
"Teres",1,0,1,"Tauri","Do Violence",12625,185656,"Alliance"
"Ekastro",10,0,6,"Tauri","Yakitori",12620,894,"Horde"
"Bloodpath",1,0,2,"Tauri","",12615,62719,"Alliance"
"Szakizomi",5,0,1,"Tauri","Lonely Wanderers",12615,5348,"Horde"
"Ezzmo",10,1,10,"Evermoon","Exodia",12610,50937,"Horde"
"Lördconde",1,0,2,"Evermoon","La Cruzada Escarlata",12605,5960,"Alliance"
"Shiroken",1,1,2,"Tauri","Nonsense",12600,19273,"Alliance"
"Sheedra",8,1,11,"Evermoon","The Perkele",12595,11758,"Horde"
"Stratus",4,1,4,"Tauri","The Asylum",12595,9912,"Alliance"
"Szadomaci",4,1,11,"Tauri","Die Hard",12595,2930,"Alliance"
"Asgaard",2,0,3,"Evermoon","Muzykanci z Gruzji",12590,29093,"Horde"
"Ivone",10,1,3,"Tauri","",12580,117340,"Horde"
"Siuan",10,1,4,"Tauri","Ensidium",12575,10242,"Horde"
"Morgomasina",4,0,11,"Tauri","Outlaws",12575,9568,"Alliance"
"Scarabi",4,1,11,"Tauri","",12570,17184,"Alliance"
"Skyzor",10,0,2,"Tauri","The Exiles",12570,5880,"Horde"
"Solarsoul",4,1,11,"Tauri","",12565,37103,"Alliance"
"Evilmammon",6,0,6,"Evermoon","Redemption",12565,22125,"Horde"
"Leonid",8,0,11,"Evermoon","Calamity",12565,14821,"Horde"
"Justapan",2,1,1,"Evermoon","U are Gonna Die",12560,47336,"Horde"
"Anhillius",1,0,6,"Tauri","",12560,31762,"Alliance"
"Patinho",7,0,8,"Tauri","Sanctimonious",12560,23899,"Alliance"
"Loreehna",1,1,9,"Evermoon","Army of Divergent",12560,1192,"Alliance"
"Girliepoop",11,1,7,"Evermoon","",12555,4932,"Alliance"
"Alumantia",4,1,11,"Tauri","",12550,3775,"Alliance"
"Dalv",1,0,3,"Evermoon","Thunder",12550,1680,"Alliance"
"Robikenqt",2,0,4,"Tauri","",12540,47801,"Horde"
"Bládkláv",2,0,6,"Evermoon","",12540,5399,"Horde"
"Vielian",1,1,2,"Tauri","Outlaws",12540,2129,"Alliance"
"Alanshearer",1,0,4,"Tauri","Blood drop",12535,2308,"Alliance"
"Csabadudu",4,1,11,"Tauri","Lighting Darkness",12535,2297,"Alliance"
"Keltike",10,1,8,"Tauri","Conclusion",12525,799,"Horde"
"Bubydek",22,0,6,"Tauri","Pandemonium",12515,29441,"Alliance"
"Gidyfth",10,0,2,"Evermoon","Hijos De Odyn",12515,177,"Horde"
"Ankion",22,0,11,"Tauri","Dawnguard",12510,28319,"Alliance"
"Prostrinity",10,1,2,"Tauri","Nightmare",12505,77623,"Horde"
"Falandrela",4,1,5,"Evermoon","Leviathan",12505,37680,"Alliance"
"Apátok",6,0,11,"Tauri","KIN Allstars",12500,13520,"Horde"
"Meido",10,1,8,"Tauri","Yes TRY It",12495,31507,"Horde"
"Tyranyd",2,0,6,"Tauri","Infernum",12495,14112,"Horde"
"Restiresti",4,0,11,"Evermoon","",12495,1258,"Alliance"
"Zsustinyó",8,0,4,"Tauri","Yes TRY It",12495,1172,"Horde"
"Sonpol",6,0,1,"Tauri","Xcution",12485,27926,"Horde"
"Ucäntsurvive",1,1,1,"Tauri","Bad Choice",12485,13347,"Alliance"
"Erály",10,0,2,"Tauri","Conclusion",12480,40825,"Horde"
"Mídway",11,1,7,"Tauri","Killepitsch",12480,21098,"Alliance"
"Pjhonier",1,1,2,"Evermoon","Yin Yang",12480,6082,"Alliance"
"Santos",2,0,1,"Tauri","",12475,11638,"Horde"
"Medvediszno",1,1,3,"Tauri","Killepitsch",12470,7119,"Alliance"
"Keca",2,0,1,"Tauri","",12470,5956,"Horde"
"Pandma",25,1,10,"Tauri","Storm of Vengeance",12470,947,"Alliance"
"Smokeform",4,0,4,"Tauri","",12460,66685,"Alliance"
"Jadymy",8,1,11,"Evermoon","",12460,61560,"Horde"
"Härren",8,1,11,"Tauri","",12460,25606,"Horde"
"Katyusa",10,1,2,"Tauri","",12455,21722,"Horde"
"Papyto",11,1,1,"Tauri","Demons Of Decay",12455,15185,"Alliance"
"Celør",10,0,6,"Tauri","Hordecore Pørnstars",12455,12408,"Horde"
"Crashout",10,0,6,"Tauri","",12445,13618,"Horde"
"Prostremørph",8,0,11,"Tauri","Nightmare",12440,47754,"Horde"
"Inquisithor",7,0,5,"Tauri","",12435,16782,"Alliance"
"Bambacska",11,1,7,"Tauri","Exemplar",12430,233847,"Alliance"
"Piciogre",1,0,2,"Tauri","Pandemonium",12430,26531,"Alliance"
"Elemoo",8,0,8,"Evermoon","UR MØM IS MY EPIC MØUNT",12430,10784,"Horde"
"Rëstøsëxual",22,0,11,"Tauri","Silent Rain",12425,17979,"Alliance"
"Chaac",8,0,3,"Tauri","Sapped girls cant say no",12425,16956,"Horde"
"Herdy",8,0,8,"Tauri","",12420,321803,"Horde"
"Sabina",4,1,5,"Tauri","HunDevils",12420,122927,"Alliance"
"Gerrokko",8,0,8,"Evermoon","",12420,29833,"Horde"
"Zeritex",1,1,4,"Tauri","",12415,12982,"Alliance"
"Atomhaxx",1,1,5,"Tauri","",12410,78334,"Alliance"
"Stronglite",4,0,1,"Tauri","All In",12410,47764,"Alliance"
"Dmograine",10,0,6,"Tauri","Unbound",12410,15350,"Horde"
"Opie",3,1,7,"Evermoon","Wolhaiksong",12405,5738,"Alliance"
"Anason",10,1,2,"Evermoon","GiurgiuvensHr",12405,224,"Horde"
"Zippy",9,1,5,"Tauri","",12400,11330,"Horde"
"Mørbus",1,0,6,"Tauri","",12400,5611,"Alliance"
"Dothuntard",10,1,3,"Evermoon","Competence Optional",12395,7427,"Horde"
"Kalmia",6,1,11,"Tauri","Death Vengeance",12390,1014,"Horde"
"Pubasso",10,0,5,"Tauri","",12385,55247,"Horde"
"Ýâðæßêæßðæðð",1,1,8,"Evermoon","SÛPÊR SERIØUS TRYHARÐ",12385,37245,"Alliance"
"Lizylady",10,1,8,"Evermoon","A Murder of Crows",12385,2806,"Horde"
"Unkillable",6,1,1,"Tauri","Beton Logok Szar Karikkal",12380,59159,"Horde"
"Frazzy",1,1,5,"Tauri","Pandemonium",12380,51922,"Alliance"
"Surffreeman",2,0,7,"Tauri","Infernum",12380,7715,"Horde"
"Harika",2,0,7,"Tauri","Rise of the Brotherhood",12380,5456,"Horde"
"Joseph",6,0,7,"Tauri","Public Enemies",12375,49396,"Horde"
"Merylalodi",8,0,8,"Evermoon","",12375,27242,"Horde"
"Karlak",1,0,2,"Tauri","",12375,17297,"Alliance"
"Raspberry",1,1,8,"Tauri","Dungeon Raiders",12375,5626,"Alliance"
"Yllinori",10,0,3,"Tauri","Serenity",12370,129591,"Horde"
"Csiny",6,1,2,"Tauri","The Redeemers",12365,31850,"Horde"
"Neliza",4,1,4,"Evermoon","Yin Yang",12365,4080,"Alliance"
"Kisbohóc",9,0,5,"Tauri","",12360,63126,"Horde"
"Thyraz",5,1,5,"Tauri","",12360,11487,"Horde"
"Aurørâ",1,1,1,"Evermoon","",12355,7758,"Alliance"
"Ameno",4,1,11,"Tauri","",12350,53362,"Alliance"
"Draemon",2,0,6,"Tauri","",12350,2937,"Horde"
"Zathun",8,1,11,"Evermoon","Rosszcsontok",12340,111843,"Horde"
"Nermø",8,1,11,"Evermoon","",12340,47232,"Horde"
"Protectore",6,1,11,"Tauri","",12340,23390,"Horde"
"Fireelem",6,0,11,"Evermoon","Oceanic",12340,14521,"Horde"
"Bailin",26,0,8,"Evermoon","American Blood Pact",12340,1647,"Horde"
"Glorfindelhl",10,0,8,"Tauri","Nightcrawlers",12335,36215,"Horde"
"Otty",5,0,5,"Tauri","Eçlipse",12330,23011,"Horde"
"Okoska",2,0,1,"Tauri","Unbound",12330,5170,"Horde"
"Pumbadin",6,0,2,"Tauri","Ganksters Paradise",12325,24223,"Horde"
"Picimiki",6,0,2,"Tauri","",12325,6460,"Horde"
"Neroid",1,0,2,"Tauri","",12320,68906,"Alliance"
"Wëëdø",4,1,11,"Tauri","SPECTRAL",12320,63580,"Alliance"
"Glorija",4,1,3,"Evermoon","Tribunes of the Light",12320,3109,"Alliance"
"Banak",9,0,5,"Evermoon","Czechoslovakia",12315,2605,"Horde"
"Cyerra",1,1,2,"Tauri","",12315,1629,"Alliance"
"Mynarys",1,1,8,"Tauri","Bad Choice",12310,5526,"Alliance"
"Glorr",1,0,5,"Tauri","Shadows",12305,11921,"Alliance"
"Bogdann",1,0,2,"Evermoon","",12305,9326,"Alliance"
"Wreckurma",10,0,2,"Evermoon","The World Eaters",12305,4158,"Horde"
"Bloodsnora",4,1,3,"Tauri","",12300,21454,"Alliance"
"Ilai",11,1,7,"Tauri","Tébolyodott",12300,17680,"Alliance"
"Israndiel",4,1,11,"Tauri","Reunited",12300,8124,"Alliance"
"Yukikoo",10,1,9,"Tauri","Yuki Yuka",12295,4330,"Horde"
"Purebeat",1,1,9,"Tauri","GerillaOsztag",12295,3101,"Alliance"
"Sulca",4,0,3,"Tauri","Tauri All Stars",12290,260243,"Alliance"
"Aleesia",1,1,2,"Tauri","Old Boyz",12290,13652,"Alliance"
"Trancox",10,0,3,"Evermoon","Mdr",12290,203,"Horde"
"Øriginal",1,0,6,"Tauri","Association",12285,55282,"Alliance"
"Aetheren",1,1,1,"Evermoon","La Voluntad del Gato",12285,4417,"Alliance"
"Omegashriek",1,1,8,"Evermoon","Joy Division",12280,71534,"Alliance"
"Lîzbet",1,1,5,"Tauri","",12275,20915,"Alliance"
"Skativra",1,1,4,"Tauri","Echo of Silence",12270,74483,"Alliance"
"Anyadjovan",9,0,7,"Tauri","Conclusion",12270,23940,"Horde"
"Zellaen",8,0,9,"Evermoon","",12265,9111,"Horde"
"Lyley",11,1,2,"Tauri","",12260,59184,"Alliance"
"Justicelance",6,0,2,"Evermoon","I n v i n c i b l e",12260,14166,"Horde"
"Hrothgar",3,0,1,"Tauri","Dwarves of Tronjheim",12255,36937,"Alliance"
"Nordosth",22,0,3,"Evermoon","Yin Yang",12255,12665,"Alliance"
"Anicéta",1,1,3,"Tauri","Fire Falcon",12255,2458,"Alliance"
"Dolorven",6,0,11,"Evermoon","Last Try",12255,1842,"Horde"
"Goreshot",3,0,3,"Evermoon","Test Drive",12255,1716,"Alliance"
"Zannah",2,1,7,"Tauri","Never Ending Nightmare",12250,24651,"Horde"
"Hairyklopper",6,0,11,"Evermoon","",12250,3178,"Horde"
"Søsýø",2,0,1,"Tauri","",12240,47850,"Horde"
"Nineinchdk",2,0,6,"Evermoon","HoldMyBeerAndWatchThis",12240,496,"Horde"
"Trintz",4,1,11,"Evermoon","",12230,1227,"Alliance"
"Sünevics",8,0,11,"Tauri","One for All",12225,4113,"Horde"
"Thrienn",11,1,7,"Tauri","Echo of Silence",12220,75715,"Alliance"
"Shisushicz",22,1,11,"Evermoon","Crows at Midnight",12220,3466,"Alliance"
"Toxicus",1,0,6,"Tauri","Black Sun",12210,34716,"Alliance"
"Teeca",1,1,4,"Evermoon","",12210,15630,"Alliance"
"Çäñäßïs",2,1,1,"Tauri","Insane",12200,76758,"Horde"
"Queldorai",10,1,5,"Evermoon","HoldMyBeerAndWatchThis",12200,11136,"Horde"
"Gabranth",1,0,6,"Evermoon","Magical Journey",12200,3701,"Alliance"
"Eluzin",1,1,9,"Tauri","Idosek Klubja",12195,103986,"Alliance"
"Grindlick",10,0,9,"Evermoon","",12195,936,"Horde"
"Pityú",8,0,7,"Tauri","Public Enemies",12190,21042,"Horde"
"Darkonyan",22,0,11,"Evermoon","Lithium",12190,6176,"Alliance"
"Pudingheros",1,0,1,"Evermoon","Astral Walkers",12190,1322,"Alliance"
"Nemk",4,1,10,"Evermoon","",12185,532,"Alliance"
"Gulugulu",4,0,5,"Tauri","<Dark Angel>",12180,64758,"Alliance"
"Jiinxx",10,0,2,"Evermoon","",12180,4739,"Horde"
"Elunewishes",4,1,11,"Tauri","",12180,3601,"Alliance"
"Szeszty",9,1,6,"Tauri","Victorious Secret",12175,14538,"Horde"
"Speedpele",10,0,3,"Tauri","",12165,46381,"Horde"
"Hotchick",1,1,2,"Tauri","Flare of the Heavens",12160,22339,"Alliance"
"Hadrianious",6,0,6,"Tauri","Titans",12160,6090,"Horde"
"Ablakzsiráf",2,0,3,"Tauri","Seekers of the Self",12155,76879,"Horde"
"Heavylight",3,1,2,"Evermoon","Dream Team",12155,49838,"Alliance"
"Slickshriek",7,1,4,"Tauri","",12155,39918,"Alliance"
"Xeër",2,0,1,"Tauri","Conclusion",12155,11550,"Horde"
"Iyya",22,0,3,"Evermoon","Kick their Darnassus",12155,2897,"Alliance"
"Khämül",2,0,9,"Tauri","Public Enemies",12145,35077,"Horde"
"Tomiszkon",11,0,7,"Tauri","",12130,20749,"Alliance"
"Nirwar",6,0,1,"Evermoon","",12130,479,"Horde"
"Lindax",10,1,9,"Tauri","Karantén Akciócsoport",12125,19168,"Horde"
"Хонда",2,0,1,"Evermoon","A K A T S U K I",12125,976,"Horde"
"Thrat",1,0,4,"Tauri","",12120,83405,"Alliance"
"Vennyqt",2,1,6,"Evermoon","",12120,36172,"Horde"
"Mica",22,1,11,"Evermoon","Defiance",12110,1004,"Alliance"
"Oysella",8,1,11,"Tauri","Public Enemies",12105,4323,"Horde"
"Coco",6,1,11,"Evermoon","Who Cares",12100,22456,"Horde"
"Sinjän",2,1,3,"Evermoon","Shadow Hunters",12095,72498,"Horde"
"Prostregork",9,0,7,"Tauri","Nightmare",12095,9303,"Horde"
"Naxxmage",5,0,8,"Evermoon","Voices of the Dark",12095,662,"Horde"
"Piktorikusz",6,0,1,"Tauri","Lumen Natum",12090,27230,"Horde"
"Silverman",4,0,11,"Evermoon","",12090,594,"Alliance"
"Reelwolf",2,0,1,"Evermoon","Dark Forest",12085,26259,"Horde"
"Groundshaker",6,0,1,"Tauri","Conclusion",12085,4869,"Horde"
"Brainstorm",2,0,7,"Tauri","The Invictus",12080,148554,"Horde"
"Matthewtuck",4,0,11,"Tauri","Spellbook Clickerz",12080,88352,"Alliance"
"Vëiny",5,0,8,"Tauri","Cradle",12080,31260,"Horde"
"Mjackson",7,0,4,"Tauri","BOOSTED",12080,26236,"Alliance"
"Kasares",10,0,2,"Tauri","",12080,2674,"Horde"
"Vvulf",3,0,2,"Evermoon","Ace Of Spades",12075,1112,"Alliance"
"Meleedrood",8,1,11,"Tauri","",12070,59922,"Horde"
"Landea",10,0,2,"Tauri","",12070,38602,"Horde"
"Fiki",7,0,8,"Tauri","TOTAL ANNIHILATION",12070,18009,"Alliance"
"Progee",10,1,2,"Tauri","Deadly Players",12065,20623,"Horde"
"Azinoth",2,0,4,"Tauri","",12060,149349,"Horde"
"Kageshisai",1,1,5,"Tauri","Killepitsch",12060,102440,"Alliance"
"Bloodchester",10,0,2,"Tauri","Insane",12060,54331,"Horde"
"Detoin",8,1,6,"Tauri","illidari inquisitor",12060,6711,"Horde"
"Bila",22,1,11,"Evermoon","",12060,480,"Alliance"
"Wadez",2,0,3,"Tauri","Serenity",12050,20878,"Horde"
"Töökmagg",8,1,8,"Tauri","Mitittálgyuluska",12045,16530,"Horde"
"Rywiel",10,1,2,"Tauri","Spellbook Clickers",12040,33110,"Horde"
"Taîra",10,1,6,"Tauri","The Knights of Death",12040,24354,"Horde"
"Angelleila",1,1,2,"Tauri","Force of Alliance",12040,21812,"Alliance"
"Krimz",8,1,9,"Tauri","Elders of illuminat",12040,16753,"Horde"
"Akii",1,0,5,"Evermoon","Draconis",12040,2928,"Alliance"
"Lightbewithu",1,1,5,"Tauri","",12035,76282,"Alliance"
"Wendolf",8,1,5,"Tauri","",12035,46539,"Horde"
"Buffman",1,0,1,"Tauri","Champion of Alliance",12035,37474,"Alliance"
"Tashonda",22,0,11,"Evermoon","",12035,871,"Alliance"
"Tunyulos",1,1,2,"Tauri","",12030,55120,"Alliance"
"Palabástrom",1,0,2,"Tauri","Flare of the Heavens",12030,14052,"Alliance"
"Beluska",11,1,7,"Tauri","Die Hard",12030,5564,"Alliance"
"Doppinger",1,0,2,"Tauri","",12030,4956,"Alliance"
"Damshi",26,1,5,"Evermoon","",12030,1445,"Horde"
"Nhatan",2,0,7,"Tauri","League of Brotherhood",12025,10703,"Horde"
"Betashriek",10,1,8,"Evermoon","Quantum",12020,42130,"Horde"
"Hoshpack",2,0,7,"Tauri","Beton Logok Szar Karikkal",12020,5159,"Horde"
"Predâtor",9,0,9,"Tauri","you are the target",12015,64317,"Horde"
"Milne",4,0,6,"Tauri","Blood drop",12015,4212,"Alliance"
"Wehrmacht",2,0,1,"Tauri","Guild of Multiverse",12000,22091,"Horde"
"Derpykins",10,1,10,"Tauri","",11995,3683,"Horde"
"Santigold",8,1,5,"Evermoon","Kawaii Pandas",11990,2790,"Horde"
"Míínúú",4,1,11,"Tauri","Destroyer",11985,86824,"Alliance"
"Céklagirl",11,1,7,"Tauri","Céklabank",11985,35830,"Alliance"
"Nicow",10,0,2,"Evermoon","Rezes banda",11980,610,"Horde"
"Kaimerrius",1,0,8,"Tauri","Woodland Critters",11970,26359,"Alliance"
"Menstra",6,0,11,"Tauri","",11970,12564,"Horde"
"Spalding",11,0,7,"Tauri","",11965,103962,"Alliance"
"Koper",1,1,3,"Tauri","BOOSTED",11965,33760,"Alliance"
"Raenor",2,1,3,"Evermoon","M E T H O D",11965,4634,"Horde"
"Meleebony",6,0,6,"Evermoon","Paranoid",11960,23999,"Horde"
"Chirivia",1,1,5,"Evermoon","Arco Latinos",11960,458,"Alliance"
"Cukojkahh",10,1,2,"Evermoon","",11955,23062,"Horde"
"Thraq",10,1,8,"Tauri","",11950,35569,"Horde"
"Rogueoné",1,1,4,"Tauri","",11950,21348,"Alliance"
"Lindriss",10,1,2,"Evermoon","Shadow Hunters",11950,7343,"Horde"
"Cyanine",10,1,3,"Tauri","Rise of the Brotherhood",11950,1738,"Horde"
"Equesbelator",10,0,2,"Evermoon","Redemption",11945,16729,"Horde"
"Kuroshi",1,0,6,"Tauri","Dungeon Raiders",11945,3922,"Alliance"
"Latexnaci",1,1,2,"Tauri","Pandemonium",11940,22150,"Alliance"
"Excetuner",1,0,1,"Tauri","Order of the Watchers",11940,20011,"Alliance"
"Bimbóka",1,1,8,"Tauri","",11940,14424,"Alliance"
"Metálcsaj",11,1,1,"Tauri","Excluded",11935,4668,"Alliance"
"Ryynn",4,1,3,"Tauri","Sinn Féin",11930,7744,"Alliance"
"Halusky",8,0,7,"Tauri","The Forgotten Tribe",11930,5600,"Horde"
"Wendraa",10,1,2,"Tauri","God of War",11930,542,"Horde"
"Símlis",9,0,7,"Evermoon","Rosszcsontok",11925,5109,"Horde"
"Gladiusx",1,0,1,"Evermoon","Reject Modernity",11925,2545,"Alliance"
"Chomchom",8,1,8,"Evermoon","Who Cares",11925,223,"Horde"
"Ziirael",11,1,1,"Evermoon","Valor Lovers",11915,7167,"Alliance"
"Xearo",8,0,3,"Tauri","Darkmist Vortex",11910,44602,"Horde"
"Rect",1,0,1,"Tauri","Ancient Dreamweavers",11910,40280,"Alliance"
"Geliwarri",2,0,1,"Tauri","A Guild Has No Name",11910,23379,"Horde"
"Schisme",1,1,5,"Tauri","",11905,104763,"Alliance"
"Csirkejoe",10,1,2,"Tauri","",11905,8750,"Horde"
"Damaccon",10,0,2,"Tauri","Collusion",11905,4441,"Horde"
"Vacak",4,1,11,"Tauri","Legion of Iron",11900,13169,"Alliance"
"Bowden",8,0,3,"Tauri","DémoniKör",11900,2576,"Horde"
"Mutt",22,1,11,"Evermoon","Oldtimer Retirement Fund",11900,1632,"Alliance"
"Amirachan",5,1,8,"Tauri","Aljanépség",11895,503554,"Horde"
"Wøøpy",1,1,4,"Evermoon","",11895,15240,"Alliance"
"Desperada",5,1,4,"Evermoon","Meet Your Makers",11895,10083,"Horde"
"Tekibom",25,1,3,"Evermoon","",11895,7375,"Alliance"
"Mézeskrémes",4,0,11,"Evermoon","FallenAngels",11890,118393,"Alliance"
"Krissinho",1,0,2,"Tauri","",11890,50873,"Alliance"
"Fridom",6,0,11,"Tauri","",11890,29587,"Horde"
"Dartagnan",10,0,6,"Tauri","",11890,28271,"Horde"
"Swag",22,0,3,"Tauri","Bad Choice",11890,3306,"Alliance"
"Hollo",1,0,2,"Tauri","",11885,157687,"Alliance"
"Ronkbalde",1,0,1,"Tauri","",11885,25117,"Alliance"
"Kuraftyumuj",10,0,2,"Tauri","Hordecore Pørnstars",11880,61893,"Horde"
"Axuni",8,1,9,"Evermoon","STUNLØCK SØCIETY",11880,32755,"Horde"
"Poldead",8,0,8,"Tauri","Fusion",11880,28478,"Horde"
"Ännafrank",5,1,5,"Tauri","One for All",11880,26512,"Horde"
"Darkanub",1,0,6,"Tauri","",11880,10201,"Alliance"
"Johnnycäge",4,0,11,"Tauri","Idosek Klubja",11880,6210,"Alliance"
"Pelcheryn",6,1,11,"Tauri","Elders of illuminat",11880,1481,"Horde"
"Vîerre",10,1,4,"Tauri","",11870,92257,"Horde"
"Desnaron",1,1,9,"Evermoon","",11870,45660,"Alliance"
"Zenna",11,1,8,"Tauri","Silent Rain",11870,36898,"Alliance"
"Horogh",8,0,7,"Tauri","Unbound",11870,35464,"Horde"
"Mixy",8,1,8,"Tauri","Serenity",11870,6277,"Horde"
"Medvepocok",8,0,8,"Tauri","Cradle",11865,13517,"Horde"
"Toxiç",4,1,4,"Tauri","",11855,135384,"Alliance"
"Kittypawz",22,1,11,"Tauri","",11855,19375,"Alliance"
"Lredoub",1,1,8,"Evermoon","",11845,1591,"Alliance"
"Asmodei",1,1,9,"Evermoon","Symphony Of War",11845,628,"Alliance"
"Bartazs",10,0,5,"Tauri","",11840,47011,"Horde"
"Epicnoob",10,0,6,"Tauri","Conclusion",11840,27228,"Horde"
"Effjé",1,0,2,"Tauri","Tauri All Stars",11840,20593,"Alliance"
"Amia",11,1,1,"Tauri","Independence",11835,141553,"Alliance"
"Pubithetrue",2,0,3,"Tauri","Insane",11835,3908,"Horde"
"Suyana",10,1,8,"Evermoon","Les Chahuteurs",11835,1164,"Horde"
"Frozenterror",2,0,7,"Tauri","",11825,95585,"Horde"
"Coroníta",5,0,9,"Tauri","",11820,39273,"Horde"
"Psychodeath",1,0,6,"Tauri","",11820,19423,"Alliance"
"Pit",2,0,3,"Evermoon","Muzykanci z Gruzji",11820,6748,"Horde"
"Yelisa",11,1,5,"Tauri","Excluded",11820,4342,"Alliance"
"Drovex",4,1,3,"Evermoon","",11810,50084,"Alliance"
"Wastegash",8,1,11,"Evermoon","Outer Edges",11810,37766,"Horde"
"Blizzaard",2,0,7,"Tauri","Taktikai Defekt",11810,29444,"Horde"
"Deamoon",1,0,1,"Tauri","The Unforgiven",11810,25598,"Alliance"
"Oszlatómágus",8,0,8,"Tauri","Cradle",11810,21641,"Horde"
"Tivia",10,1,2,"Tauri","",11810,21334,"Horde"
"Brêwmiê",6,0,11,"Tauri","Insane",11810,16951,"Horde"
"Secretion",6,0,11,"Evermoon","Shadows of Darkness",11810,14390,"Horde"
"Tiltlord",8,1,5,"Tauri","Unbound",11810,9601,"Horde"
"Vonyar",5,0,5,"Tauri","Public Enemies",11810,5301,"Horde"
"Woorendorf",9,0,9,"Evermoon","",11805,24879,"Horde"
"Danadre",2,0,1,"Tauri","Public Enemies",11805,1510,"Horde"
"Still",8,0,5,"Tauri","",11795,89067,"Horde"
"Holywhat",6,0,2,"Tauri","Beton Logok Szar Karikkal",11795,78264,"Horde"
"Lunin",10,1,3,"Tauri","Left Over",11795,60592,"Horde"
"Methoniel",11,0,2,"Tauri","Fire Falcon",11795,14290,"Alliance"
"Brøxîgar",2,0,1,"Tauri","",11790,27286,"Horde"
"Expectø",1,1,8,"Tauri","",11790,3822,"Alliance"
"Zerato",10,0,9,"Tauri","Infernum",11790,1229,"Horde"
"Seemann",5,0,5,"Tauri","Collusion",11785,8715,"Horde"
"Boneses",2,0,7,"Tauri","",11780,54011,"Horde"
"Adamantinus",6,0,2,"Evermoon","Impact",11780,38713,"Horde"
"Zuxv",4,1,4,"Evermoon","",11780,20936,"Alliance"
"Mirothea",1,1,2,"Tauri","Green Peace Reloaded",11775,51929,"Alliance"
"Lityesz",11,1,1,"Tauri","",11770,33055,"Alliance"
"Xarrion",11,0,5,"Tauri","",11770,2044,"Alliance"
"Sampy",22,0,3,"Evermoon","",11770,1397,"Alliance"
"Körett",1,1,3,"Tauri","HowToSmokeWeed",11765,51914,"Alliance"
"Wimpi",10,0,5,"Tauri","",11765,32083,"Horde"
"Mansmi",5,0,9,"Evermoon","",11765,31155,"Horde"
"Benhirion",1,0,1,"Tauri","Club ofChemical Death",11760,15465,"Alliance"
"Tomisz",1,0,1,"Tauri","",11760,8345,"Alliance"
"Shallyy",2,1,6,"Evermoon","The Purpose",11760,569,"Horde"
"Gonf",3,0,1,"Evermoon","Yin Yang",11755,5276,"Alliance"
"Adenist",3,0,5,"Tauri","Azeroth Hösei",11750,219146,"Alliance"
"Färkangyal",1,0,1,"Tauri","Absolute Loyalty",11750,58329,"Alliance"
"Trollnut",8,0,8,"Evermoon","Geezer Bank",11750,44336,"Horde"
"Shayen",11,1,7,"Evermoon","The Pirate Bay",11750,3768,"Alliance"
"Singlock",8,0,9,"Evermoon","The Iron Horde",11750,1316,"Horde"
"Cveta",8,0,8,"Evermoon","Kawaii Pandas",11745,1734,"Horde"
"Ansible",5,0,1,"Evermoon","ПЕСОК ЩЕБЕНЬ НЕДОРОГО",11740,21746,"Horde"
"Ansello",10,0,2,"Evermoon","",11740,19378,"Horde"
"Treenity",6,0,11,"Evermoon","",11740,706,"Horde"
"Pyres",1,0,5,"Tauri","Pandemonium",11735,59473,"Alliance"
"Sibylla",5,1,5,"Tauri","",11735,27917,"Horde"
"Onu",4,1,11,"Tauri","",11730,298434,"Alliance"
"Pepesim",8,0,9,"Evermoon","Competence Optional",11730,3399,"Horde"
"Lurktec",2,0,3,"Evermoon","Redemption",11725,25343,"Horde"
"Shïfthäppëns",4,1,11,"Tauri","Reunited",11720,11502,"Alliance"
"Laucica",10,1,9,"Tauri","Exiled",11720,861,"Horde"
"Ëvilface",2,1,8,"Tauri","",11715,35143,"Horde"
"Mopdroodlolx",4,1,11,"Evermoon","",11710,25410,"Alliance"
"Pomesz",10,0,5,"Tauri","Azeroth Zsoldosai",11710,7480,"Horde"
"Bezul",8,1,11,"Tauri","Eye of the Phoenix",11710,2636,"Horde"
"Gleb",3,0,7,"Tauri","",11705,110363,"Alliance"
"Plaguemaster",1,0,6,"Evermoon","Leviathan",11705,22529,"Alliance"
"Ãdamu",26,0,10,"Evermoon","Vistustan",11705,6183,"Horde"
"Thalrion",4,0,6,"Evermoon","Crows at Midnight",11705,5382,"Alliance"
"Dolly",1,1,4,"Tauri","",11700,74323,"Alliance"
"Mist",10,1,4,"Tauri","Conclusion",11700,14501,"Horde"
"Haramia",10,0,2,"Evermoon","",11695,40770,"Horde"
"Jaimex",11,1,7,"Tauri","",11695,27671,"Alliance"
"Shelyna",2,1,1,"Evermoon","Raidloggen",11685,3906,"Horde"
"Hassabe",8,1,11,"Tauri","Penguin Smugglers",11680,127451,"Horde"
"Tryndal",4,1,11,"Tauri","",11680,78919,"Alliance"
"Alibomaye",1,1,2,"Tauri","Eternal Determination",11680,54282,"Alliance"
"Hamer",1,0,2,"Evermoon","Geico",11680,7207,"Alliance"
"Palina",1,1,2,"Tauri","Soldiers of Moon",11670,99647,"Alliance"
"Andiqt",1,1,8,"Evermoon","",11670,69092,"Alliance"
"Snx",4,1,11,"Tauri","",11670,65268,"Alliance"
"Elaeyne",1,1,8,"Evermoon","Noobs",11670,4968,"Alliance"
"Mathyaz",1,0,1,"Tauri","Pandemonium",11670,3486,"Alliance"
"Randomista",6,0,2,"Tauri","",11665,26595,"Horde"
"Garale",1,0,9,"Tauri","Die Hard",11665,11381,"Alliance"
"Aliaxus",10,0,2,"Evermoon","Foundations",11665,1476,"Horde"
"Nshatecøre",8,1,9,"Tauri","",11660,29064,"Horde"
"Koduko",2,0,3,"Tauri","Darkmist Vortex",11660,18360,"Horde"
"Reddevill",22,0,1,"Tauri","Outlaws",11655,62484,"Alliance"
"Jaser",1,0,1,"Evermoon","Scarlet Crusade",11655,8585,"Alliance"
"Apakisoda",8,1,8,"Evermoon","Diamond Dogs",11655,268,"Horde"
"Nyuszifül",11,1,2,"Tauri","",11650,19423,"Alliance"
"Just",10,1,2,"Tauri","Insane",11645,85618,"Horde"
"Szofiä",10,1,8,"Tauri","",11640,31420,"Horde"
"Bounty",4,1,11,"Tauri","Lighting Darkness",11635,8634,"Alliance"
"Snowist",8,1,8,"Tauri","",11630,66855,"Horde"
"Everlasting",10,1,2,"Tauri","Death Vengeance",11630,10936,"Horde"
"Missclix",8,1,11,"Evermoon","",11625,30524,"Horde"
"Hyped",8,0,5,"Tauri","Aljanépség",11620,89807,"Horde"
"Smilingx",1,1,5,"Evermoon","",11620,74515,"Alliance"
"Daneyh",6,0,2,"Tauri","Deadly Players",11620,9810,"Horde"
"Euridiche",1,1,2,"Tauri","Lighting Darkness",11620,8581,"Alliance"
"Éurielle",4,1,11,"Tauri","Pandemonium",11615,60673,"Alliance"
"Gonosztopoz",11,1,2,"Tauri","",11615,9462,"Alliance"
"Conducticius",2,0,6,"Tauri","Titans",11610,26093,"Horde"
"Ironjack",1,0,1,"Tauri","",11610,20900,"Alliance"
"Félhulla",9,0,9,"Tauri","",11600,48668,"Horde"
"Sèyon",1,1,8,"Tauri","",11600,44936,"Alliance"
"Mtj",5,1,5,"Tauri","",11600,41180,"Horde"
"Tazman",6,0,11,"Tauri","A Guild Has No Name",11600,19267,"Horde"
"Gepulator",1,0,1,"Tauri","",11595,131768,"Alliance"
"Ithilda",8,0,11,"Evermoon","Incendia",11595,29367,"Horde"
"Sznofru",1,0,9,"Tauri","The Dynasty",11595,27956,"Alliance"
"Sabry",4,1,11,"Tauri","I just saw God",11595,6305,"Alliance"
"Jareno",10,0,8,"Evermoon","",11595,999,"Horde"
"Ylette",1,1,2,"Evermoon","Brodate Drzewa",11595,554,"Alliance"
"Pompyro",8,0,8,"Tauri","Unbound",11590,24833,"Horde"
"Sandiaa",10,1,6,"Evermoon","Skill Issue",11585,1788,"Horde"
"Amfetämin",1,1,5,"Tauri","",11580,114635,"Alliance"
"Madisease",6,0,6,"Tauri","Darkmist Vortex",11580,67762,"Horde"
"Totocsibe",1,1,2,"Tauri","Die Hard",11580,22727,"Alliance"
"Taurenname",6,0,1,"Tauri","",11580,16277,"Horde"
"Parthas",11,0,2,"Tauri","Echo of Silence",11580,11083,"Alliance"
"Tronoo",2,0,3,"Tauri","",11570,60716,"Horde"
"Kendra",4,1,11,"Tauri","",11570,19237,"Alliance"
"Encher",2,0,7,"Tauri","",11565,32863,"Horde"
"Direform",22,0,11,"Tauri","Valinor",11565,7007,"Alliance"
"Wenzel",4,0,5,"Evermoon","Winterfall",11565,2968,"Alliance"
"Arista",10,1,3,"Evermoon","Titan",11560,187179,"Horde"
"Fahrad",2,0,4,"Evermoon","",11560,45151,"Horde"
"Pallos",2,0,1,"Tauri","Guild of Multiverse",11560,18750,"Horde"
"Feven",4,1,4,"Tauri","",11560,17656,"Alliance"
"Cafika",2,1,7,"Tauri","",11555,44235,"Horde"
"Ibolya",1,1,9,"Tauri","Excluded",11555,17917,"Alliance"
"Flimaxone",1,1,4,"Tauri","",11550,64864,"Alliance"
"Allnight",8,0,7,"Evermoon","Shadow Hunters",11550,6317,"Horde"
"Bip",6,0,11,"Evermoon","",11550,1286,"Horde"
"Deaddpool",5,0,10,"Evermoon","Pravednici",11550,1062,"Horde"
"Blastus",2,0,7,"Tauri","",11545,11686,"Horde"
"Fckkboy",2,0,1,"Evermoon","",11545,8383,"Horde"
"Kioshirioda",10,1,1,"Evermoon","Skill Issue",11545,5741,"Horde"
"Jonybravo",11,0,7,"Tauri","Reunited",11540,7284,"Alliance"
"Kélthor",8,0,3,"Evermoon","",11540,4987,"Horde"
"Aegon",4,0,8,"Evermoon","",11540,1324,"Alliance"
"Mocskoss",1,0,5,"Evermoon","",11535,207322,"Alliance"
"Roberson",1,0,1,"Tauri","Killepitsch",11535,131122,"Alliance"
"Hullampaladi",1,0,2,"Tauri","Renegade",11530,84640,"Alliance"
"Anderlecht",1,0,6,"Tauri","Renegade",11530,57983,"Alliance"
"Zylithe",10,1,6,"Tauri","The Predators",11530,52895,"Horde"
"Sendon",10,0,9,"Tauri","",11525,28997,"Horde"
"Caveira",1,1,1,"Evermoon","",11525,23522,"Alliance"
"Meriva",10,1,3,"Evermoon","Shadow Hunters",11525,11112,"Horde"
"Fygarzx",10,0,3,"Evermoon","Vertex",11525,2282,"Horde"
"Kincsy",10,1,2,"Evermoon","",11520,26930,"Horde"
"Trânsformer",8,0,11,"Tauri","",11520,15120,"Horde"
"Bodoba",2,0,4,"Tauri","",11520,860,"Horde"
"Sheraphyn",11,1,5,"Tauri","Durability",11515,28456,"Alliance"
"Ltzuper",2,0,6,"Evermoon","GiurgiuvensHr",11515,6220,"Horde"
"Hasler",9,0,8,"Tauri","",11510,113603,"Horde"
"Xhaeros",1,0,2,"Tauri","Excluded",11510,19997,"Alliance"
"Volcanololz",8,1,8,"Evermoon","",11510,16580,"Horde"
"Astyk",2,0,3,"Tauri","",11510,16422,"Horde"
"Enderdragon",8,0,8,"Tauri","",11505,55268,"Horde"
"Jupee",10,1,2,"Tauri","The exiled",11500,7737,"Horde"
"Végzetvok",3,0,7,"Tauri","Idosek Klubja",11495,76359,"Alliance"
"Opheus",7,0,8,"Tauri","HATERS ARE WELCOME",11490,91129,"Alliance"
"Lilscoop",10,1,6,"Evermoon","Kawaii Pandas",11490,31028,"Horde"
"Xiropala",10,1,2,"Evermoon","Raidloggen",11490,2977,"Horde"
"Mikipap",1,0,5,"Tauri","Angel Rune",11490,1062,"Alliance"
"Wertluz",8,1,7,"Tauri","",11485,62578,"Horde"
"Tetsubasa",11,1,5,"Tauri","Sinn Féin",11485,16592,"Alliance"
"Csengibaba",11,1,2,"Tauri","",11480,63758,"Alliance"
"Zorka",10,1,8,"Evermoon","",11480,51414,"Horde"
"Impatience",10,1,4,"Tauri","",11480,19964,"Horde"
"Remorseless",1,1,1,"Tauri","Inspecteldafaszom",11475,117204,"Alliance"
"Cloakndagger",1,0,4,"Tauri","",11475,72237,"Alliance"
"Lightbite",4,1,11,"Tauri","",11475,8381,"Alliance"
"Dalier",10,1,2,"Evermoon","Llama Rubí",11475,1416,"Horde"
"Klorze",1,1,1,"Tauri","",11470,168666,"Alliance"
"Chip",25,1,10,"Evermoon","Joy Division",11470,793,"Alliance"
"Ogresmith",1,0,2,"Tauri","The Titans",11465,62608,"Alliance"
"Yasamin",1,1,9,"Tauri","Pandemonium",11465,16894,"Alliance"
"Artdraeneix",11,0,2,"Evermoon","Art of Light",11465,1694,"Alliance"
"Darkhazard",5,0,4,"Evermoon","",11460,29447,"Horde"
"Healywood",8,1,11,"Tauri","Darkmist Vortex",11460,29413,"Horde"
"Missmurder",10,1,8,"Tauri","Infest",11460,16540,"Horde"
"Rapemebaby",7,1,8,"Tauri","",11460,6708,"Alliance"
"Drayos",6,0,11,"Tauri","",11455,1809,"Horde"
"Gretlokk",8,0,7,"Tauri","Red Enemy",11450,20927,"Horde"
"Ywach",8,0,7,"Evermoon","",11450,2953,"Horde"
"Sharri",10,1,1,"Tauri","",11445,20792,"Horde"
"Raykiry",1,0,6,"Evermoon","",11445,7296,"Alliance"
"Nabubihs",10,0,2,"Tauri","Death Azeroth",11440,73908,"Horde"
"Dathoren",4,0,3,"Tauri","Eyes of the Spirit",11440,28838,"Alliance"
"Throon",11,0,7,"Tauri","Durability",11440,22322,"Alliance"
"Liquide",8,0,4,"Evermoon","Resolve",11435,1644,"Horde"
"Braindeadly",2,1,3,"Evermoon","Certified Aura Farmers",11425,51423,"Horde"
"Gushy",6,0,11,"Evermoon","",11425,20506,"Horde"
"Slyra",1,1,1,"Evermoon","",11425,11813,"Alliance"
"Ozirisz",22,0,6,"Evermoon","New World Order",11425,679,"Alliance"
"Simanhiil",2,0,7,"Tauri","Sapped girls cant say no",11420,75274,"Horde"
"Blackinsigne",6,0,1,"Tauri","Titans",11420,69294,"Horde"
"Rado",22,0,9,"Tauri","CENZORED",11415,195258,"Alliance"
"Dalerus",1,0,3,"Tauri","",11415,22724,"Alliance"
"Majszter",5,1,1,"Tauri","Paradox Theory",11415,3443,"Horde"
"Ddfd",10,0,2,"Tauri","Yes TRY It",11415,1982,"Horde"
"Golyox",4,1,11,"Tauri","",11410,86328,"Alliance"
"Déroinn",5,0,4,"Tauri","Suicidal lifestyle",11405,69670,"Horde"
"Qti",2,0,7,"Tauri","Insane",11405,8858,"Horde"
"Lencsilány",10,1,3,"Tauri","",11400,86912,"Horde"
"Swagerlikeus",4,0,11,"Evermoon","SÛPÊR SERIØUS TRYHARÐ",11395,118900,"Alliance"
"Aësar",1,0,10,"Evermoon","Cara Máxima",11395,18260,"Alliance"
"Zarox",10,0,6,"Evermoon","",11395,425,"Horde"
"Pickerr",10,1,2,"Tauri","Conclusion",11385,74330,"Horde"
"Szerdán",10,0,5,"Evermoon","",11385,25522,"Horde"
"Mauzer",4,0,11,"Evermoon","Tribunes of the Light",11380,6648,"Alliance"
"Venruki",1,0,8,"Tauri","",11375,99226,"Alliance"
"Xaandra",11,1,3,"Tauri","Muradin is still alive",11375,4612,"Alliance"
"Aviannx",4,1,11,"Evermoon","",11370,30261,"Alliance"
"Mayrah",9,1,7,"Evermoon","The Perkele",11370,13019,"Horde"
"Eowynne",11,1,7,"Tauri","Excluded",11370,3643,"Alliance"
"Parathien",10,1,2,"Tauri","Unbound",11370,3588,"Horde"
"Smooky",2,1,4,"Tauri","",11365,115491,"Horde"
"Skäyah",8,1,7,"Evermoon","",11365,3208,"Horde"
"Reddi",2,0,3,"Evermoon","Reign",11365,1157,"Horde"
"Feelmyweap",10,0,2,"Tauri","",11360,17389,"Horde"
"Chiarezza",10,1,5,"Tauri","Legends Never Die",11355,60870,"Horde"
"Jimcarrey",6,0,2,"Evermoon","",11345,156479,"Horde"
"Aelith",22,0,11,"Evermoon","Plows sans Frontières",11345,7494,"Alliance"
"Palawiaa",10,1,2,"Evermoon","Aurora",11345,4347,"Horde"
"Sagitarío",11,1,1,"Evermoon","Defiance",11345,1904,"Alliance"
"Lilyanah",10,1,4,"Tauri","",11340,52088,"Horde"
"Mindfölötti",1,0,5,"Tauri","",11340,476,"Alliance"
"Djswagselena",1,1,6,"Tauri","",11335,135473,"Alliance"
"Zess",6,0,2,"Tauri","",11335,82218,"Horde"
"Essense",22,1,9,"Evermoon","Ex Nihilo",11335,19264,"Alliance"
"Charmcaster",10,0,8,"Evermoon","GUARDIANES DE LA HORDA",11330,4009,"Horde"
"Courageous",6,0,1,"Tauri","",11325,22227,"Horde"
"Ywetth",4,1,6,"Tauri","",11325,20849,"Alliance"
"Kotofanya",1,1,2,"Evermoon","gulag",11325,1832,"Alliance"
"Yunsoo",26,1,1,"Evermoon","",11325,645,"Horde"
"Urkund",3,0,6,"Evermoon","",11320,32180,"Alliance"
"Apathyxia",4,1,11,"Evermoon","The Lions Den",11320,1328,"Alliance"
"Deroth",6,0,11,"Tauri","InfernalStorm",11315,50390,"Horde"
"Bartó",22,0,1,"Tauri","Reunited",11315,24974,"Alliance"
"Maevys",11,1,5,"Tauri","Inner Sanctum",11315,10677,"Alliance"
"Brodda",4,1,11,"Tauri","Bad Choice",11310,19724,"Alliance"
"Prosword",6,0,6,"Tauri","Chaos Destroyers",11310,10491,"Horde"
"Lucaskane",6,0,2,"Tauri","",11305,9652,"Horde"
"Qbolinek",1,0,1,"Evermoon","Brodate Drzewa",11305,7571,"Alliance"
"Empy",1,1,3,"Tauri","",11300,50697,"Alliance"
"Horizol",25,1,8,"Evermoon","Storm of Vengeance",11300,9940,"Alliance"
"Ravas",4,0,4,"Tauri","Shifty Rascals",11295,83937,"Alliance"
"Gromar",2,0,7,"Tauri","",11295,55794,"Horde"
"Janomage",7,0,8,"Tauri","All In",11295,36671,"Alliance"
"Maxcobra",26,0,10,"Evermoon","Hijos De Odyn",11295,1069,"Horde"
"Skaljorn",1,0,1,"Tauri","",11290,42004,"Alliance"
"Localrapist",1,1,8,"Tauri","",11280,40244,"Alliance"
"Narkotic",10,0,2,"Tauri","Nightmare",11280,8805,"Horde"
"Ridgers",1,0,2,"Tauri","Scarlet Crusade",11275,19807,"Alliance"
"Viktorino",2,0,7,"Tauri","Public Enemies",11275,13784,"Horde"
"Nepenthe",10,1,10,"Evermoon","Thot Process",11270,790,"Horde"
"Nidoxyo",10,0,2,"Tauri","",11265,8359,"Horde"
"Heckler",8,0,3,"Tauri","Aljanépség",11260,101798,"Horde"
"Nikodémus",11,0,8,"Tauri","Die Hard",11255,9500,"Alliance"
"Oneaboveall",1,0,2,"Evermoon","",11255,733,"Alliance"
"Velaxin",10,1,2,"Tauri","Chaos Destroyers",11240,6775,"Horde"
"Khork",2,0,3,"Evermoon","Skill Issue",11240,5265,"Horde"
"Krank",1,0,1,"Tauri","",11230,90179,"Alliance"
"Allarea",1,1,8,"Tauri","",11225,130865,"Alliance"
"Siora",4,1,6,"Tauri","",11225,28439,"Alliance"
"Nittar",2,1,6,"Evermoon","El Círculo de Sangre",11225,4805,"Horde"
"Salory",10,0,2,"Tauri","Chaos Destroyers",11220,6847,"Horde"
"Melfury",8,1,7,"Evermoon","Muzykanci z Gruzji",11220,361,"Horde"
"Dasarys",1,1,6,"Tauri","Exemplar",11215,9473,"Alliance"
"Vakuya",1,0,4,"Tauri","",11210,107362,"Alliance"
"Alihuen",1,1,4,"Evermoon","Revendreth",11210,42847,"Alliance"
"Karkelo",1,0,8,"Tauri","",11210,28798,"Alliance"
"Drdora",10,1,2,"Evermoon","Zsibbadt egerek",11210,572,"Horde"
"Trmcsk",1,0,2,"Tauri","",11205,90383,"Alliance"
"Otus",10,0,6,"Tauri","Darkey Mort",11195,118027,"Horde"
"Brightmoon",8,0,11,"Tauri","Unbound",11190,4065,"Horde"
"Süketböske",8,1,5,"Tauri","Public Enemies",11175,9690,"Horde"
"Heracross",6,0,2,"Evermoon","",11175,466,"Horde"
"Sézyen",11,1,5,"Tauri","",11160,140564,"Alliance"
"Huuf",6,0,6,"Tauri","Conclusion",11155,30186,"Horde"
"Stlandeck",8,1,11,"Evermoon","",11155,18632,"Horde"
"Aceshigh",2,0,7,"Tauri","",11155,10470,"Horde"
"Nirraa",8,1,5,"Evermoon","Chicken Squad",11155,2744,"Horde"
"Zulunga",1,0,2,"Tauri","Pandemonium",11150,35228,"Alliance"
"Venomorphx",8,1,11,"Evermoon","",11150,5272,"Horde"
"Çøçäine",8,0,11,"Tauri","",11145,27439,"Horde"
"Morrdekaiser",6,0,6,"Tauri","",11145,4692,"Horde"
"Ignigena",8,0,7,"Tauri","",11145,2855,"Horde"
"Opanamama",1,1,5,"Evermoon","",11145,1150,"Alliance"
"Hárleen",10,1,2,"Evermoon","",11145,985,"Horde"
"Lulapi",26,1,5,"Evermoon","Among Us",11140,1719,"Horde"
"Romilto",2,0,7,"Evermoon","Skill Issue",11140,1473,"Horde"
"Masur",2,0,3,"Tauri","Wake me up clanga",11135,10511,"Horde"
"Picibaba",10,1,2,"Tauri","Exiled",11135,2658,"Horde"
"Täkeøff",1,1,8,"Evermoon","UPC Service",11130,33025,"Alliance"
"Cazzoguardi",8,0,11,"Evermoon","",11130,27737,"Horde"
"Trafalgar",1,0,6,"Evermoon","Brodate Drzewa",11130,14007,"Alliance"
"Winry",10,1,5,"Tauri","",11120,192006,"Horde"
"Loki",10,0,3,"Evermoon","Warlords of Destruction",11120,54066,"Horde"
"Moncicacka",4,1,11,"Evermoon","Ex Nihilo",11120,1697,"Alliance"
"Térdszalag",2,0,1,"Tauri","Conclusion",11115,29690,"Horde"
"Marketa",2,1,3,"Evermoon","A Murder of Crows",11115,2530,"Horde"
"Hellrazor",2,0,6,"Tauri","",11110,35277,"Horde"
"Bullminotaur",6,0,11,"Tauri","Moonlight Warriors",11105,177120,"Horde"
"Wariolcraft",10,0,2,"Tauri","",11105,58831,"Horde"
"Girlinbloodx",10,1,6,"Evermoon","Horde of Hungary",11105,35167,"Horde"
"Varix",8,0,8,"Tauri","Darkmist Vortex",11100,31489,"Horde"
"Despotbácsi",11,0,7,"Evermoon","",11100,5395,"Alliance"
"Bigwolfapa",2,0,1,"Evermoon","",11100,4376,"Horde"
"Fixixx",1,0,6,"Tauri","",11095,100947,"Alliance"
"ßéßy",1,1,8,"Evermoon","FallenAngels",11095,36435,"Alliance"
"Matusalem",2,0,1,"Evermoon","Rosszcsontok",11095,16305,"Horde"
"Crystalrebel",26,1,10,"Evermoon","Orden Oscura",11095,372,"Horde"
"Rosemar",10,1,2,"Evermoon","",11090,791,"Horde"
"Divinedmage",1,1,8,"Tauri","",11085,40523,"Alliance"
"Palaisten",1,0,2,"Evermoon","",11075,20675,"Alliance"
"Laraniel",10,1,2,"Tauri","",11070,13849,"Horde"
"Cresser",10,1,1,"Tauri","Sonka Osztag",11065,162055,"Horde"
"Nomilkforya",4,1,11,"Tauri","Pandemonium",11065,31665,"Alliance"
"Vêññýq",4,1,11,"Evermoon","",11065,29259,"Alliance"
"Galbatrosz",6,0,2,"Evermoon","",11065,11294,"Horde"
"Windstlkr",25,0,10,"Evermoon","Prime",11060,698,"Alliance"
"Kory",1,1,9,"Tauri","",11055,18682,"Alliance"
"Ouphenos",7,1,5,"Evermoon","",11055,448,"Alliance"
"Bnhealboom",8,0,11,"Evermoon","",11050,9486,"Horde"
"Baalanir",2,0,7,"Tauri","",11045,56847,"Horde"
"Bacchus",22,0,8,"Evermoon","",11045,31350,"Alliance"
"Primørtel",10,0,6,"Tauri","Darkey Mort",11040,63323,"Horde"
"Cypresshill",10,0,2,"Tauri","",11035,68958,"Horde"
"Darthanakin",3,0,6,"Evermoon","KeddenLegion",11035,12612,"Alliance"
"Maximusgg",8,0,3,"Evermoon","Voluntad de Acero",11035,3525,"Horde"
"Lernun",9,0,4,"Evermoon","",11035,1342,"Horde"
"Loboon",1,0,3,"Evermoon","Yin Yang",11030,3566,"Alliance"
"Jihl",6,1,11,"Evermoon","Chicken Squad",11030,294,"Horde"
"Hartok",2,0,1,"Tauri","Yes TRY It",11025,12343,"Horde"
"Corrosion",1,0,1,"Evermoon","The Pirate Bay",11020,25116,"Alliance"
"Ketri",10,1,5,"Tauri","",11015,95084,"Horde"
"Ragnarosh",2,0,6,"Evermoon","",11010,36912,"Horde"
"Archangelo",10,0,2,"Evermoon","",11010,8846,"Horde"
"Aláh",11,0,3,"Evermoon","Soulflame Syndicate",11010,5062,"Alliance"
"Wickedfury",5,0,5,"Evermoon","",11005,124533,"Horde"
"Astralyn",1,1,5,"Evermoon","Astral Walkers",11005,294,"Alliance"
"Berenikee",1,1,8,"Tauri","Hóban Táncolók",10995,105515,"Alliance"
"Venoma",1,1,2,"Evermoon","Tribunes of the Light",10995,46205,"Alliance"
"Warmode",1,1,1,"Evermoon","Defiance",10995,19668,"Alliance"
"Miú",10,0,2,"Tauri","Dark Avatars",10990,23215,"Horde"
"Cupacups",6,0,7,"Evermoon","",10990,1650,"Horde"
"Shammvee",6,0,7,"Evermoon","Sakura Empire",10980,13423,"Horde"
"Thunderlove",8,1,7,"Evermoon","Solo Leveling",10980,5602,"Horde"
"Northdixon",2,0,7,"Evermoon","Cash Flow",10980,423,"Horde"
"Ciganyjosno",10,1,8,"Evermoon","Vajda",10970,712,"Horde"
"Kalric",4,0,6,"Evermoon","",10965,21447,"Alliance"
"Narcoyle",1,1,6,"Tauri","",10960,61202,"Alliance"
"Nighttlady",10,1,5,"Tauri","",10955,63190,"Horde"
"Haddler",8,0,9,"Evermoon","",10955,282,"Horde"
"Puncibicaj",1,1,2,"Tauri","Killepitsch",10945,60646,"Alliance"
"Dethcore",1,0,6,"Tauri","",10935,58068,"Alliance"
"Roadwarrior",2,0,1,"Evermoon","Skull collectors",10935,569,"Horde"
"Barnabyjones",1,0,2,"Evermoon","Leviathan",10930,104376,"Alliance"
"Aszakuraw",1,1,9,"Tauri","",10925,158416,"Alliance"
"Bliser",2,1,9,"Tauri","",10925,80298,"Horde"
"Divix",1,1,6,"Tauri","",10925,7521,"Alliance"
"Deathspawn",1,0,6,"Tauri","",10915,4729,"Alliance"
"Tuskmanager",8,0,3,"Evermoon","",10915,4230,"Horde"
"Хрон",1,0,2,"Evermoon","Хранители Вечности",10915,876,"Alliance"
"Ernourasag",1,0,1,"Tauri","ernourasag zsoldosai",10910,117890,"Alliance"
"Úszókutya",10,0,3,"Evermoon","Lómaiak",10910,3220,"Horde"
"Scorrage",1,0,9,"Tauri","Order of the Watchers",10905,8022,"Alliance"
"Cairine",4,1,3,"Evermoon","Winterfall",10905,2430,"Alliance"
"Lapagol",5,0,1,"Evermoon","Llama Rubí",10900,767,"Horde"
"Chaila",7,1,8,"Evermoon","",10890,4677,"Alliance"
"Imbecilmoves",1,1,10,"Evermoon","Ace Of Spades",10885,2940,"Alliance"
"Likkan",22,0,11,"Evermoon","Havana Club",10880,12691,"Alliance"
"Effervescent",10,0,2,"Evermoon","Despair",10870,58396,"Horde"
"Voldemord",1,0,9,"Evermoon","",10865,446,"Alliance"
"Frx",2,0,7,"Evermoon","Rycerze Ortalionu",10860,14018,"Horde"
"Xinta",6,1,11,"Evermoon","Rezes banda",10860,6540,"Horde"
"Sarthalea",1,1,9,"Evermoon","Heralds of Argus",10860,889,"Alliance"
"Junkrät",10,0,2,"Tauri","Spellbook Clickers",10855,95557,"Horde"
"Smook",2,1,4,"Evermoon","",10850,28497,"Horde"
"Ulferin",2,0,4,"Tauri","Red Enemy",10850,18977,"Horde"
"Kersheyz",26,1,10,"Evermoon","Kamote",10850,1432,"Horde"
"Alextrassa",4,1,1,"Tauri","Reborn of Aegis",10845,80999,"Alliance"
"Hyde",2,0,1,"Evermoon","Incendia",10845,1372,"Horde"
"Sxizo",8,0,11,"Evermoon","",10840,126160,"Horde"
"Thorien",10,0,3,"Tauri","Death Vengeance",10830,68189,"Horde"
"Ariyela",1,1,4,"Evermoon","Crimson Rose",10825,54411,"Alliance"
"Barlador",8,0,11,"Evermoon","",10825,17341,"Horde"
"Albundyka",2,0,7,"Evermoon","Rosszcsontok",10825,6851,"Horde"
"Isi",2,1,7,"Evermoon","",10820,2398,"Horde"
"Adanossz",5,0,5,"Tauri","Aljanépség",10815,182451,"Horde"
"Andromedia",11,1,7,"Tauri","",10810,102378,"Alliance"
"Acyld",1,0,1,"Evermoon","",10810,4326,"Alliance"
"Sintare",8,1,11,"Evermoon","",10810,3269,"Horde"
"Ayperos",8,0,7,"Evermoon","",10805,25168,"Horde"
"Pandemonìum",5,0,5,"Evermoon","",10800,129473,"Horde"
"Ursobeso",22,0,11,"Evermoon","Purgatory",10800,30514,"Alliance"
"Harcsa",4,0,3,"Tauri","",10795,57574,"Alliance"
"Venøma",2,1,7,"Evermoon","Certified Aura Farmers",10790,24548,"Horde"
"Hatheiel",2,0,4,"Tauri","",10790,11004,"Horde"
"Bulchac",4,0,11,"Evermoon","Yin Yang",10790,3510,"Alliance"
"Virägszál",10,1,3,"Evermoon","Shadow Hunters",10785,11098,"Horde"
"Lamoshunti",8,0,3,"Evermoon","Shadow Hunters",10785,2093,"Horde"
"Kelera",10,1,2,"Evermoon","Legion of Death",10785,854,"Horde"
"Szupernagyi",8,1,9,"Evermoon","Rosszcsontok",10780,26996,"Horde"
"Pashapippo",10,0,5,"Tauri","",10780,12339,"Horde"
"Nareen",26,1,7,"Evermoon","The Iron Horde",10780,3190,"Horde"
"Lorahril",9,0,5,"Evermoon","The Iron Horde",10775,1582,"Horde"
"Teruel",5,0,1,"Evermoon","Lordaeron",10775,1445,"Horde"
"Eilenwe",10,1,2,"Evermoon","Chicken Squad",10775,233,"Horde"
"Wafi",25,1,4,"Tauri","Bad Choice",10770,28583,"Alliance"
"Groboven",2,0,6,"Evermoon","Achievements",10765,729,"Horde"
"Makotol",2,1,4,"Evermoon","Skill Issue",10755,406,"Horde"
"Spikeu",9,0,7,"Evermoon","The Iron Horde",10755,340,"Horde"
"Chromatik",1,0,2,"Evermoon","Celestial Summit",10745,66304,"Alliance"
"Deneb",10,1,5,"Evermoon","NobleBlood",10730,2948,"Horde"
"Lotriaxon",1,0,2,"Evermoon","Leviathan",10730,1854,"Alliance"
"Bluefäcë",4,1,10,"Evermoon","Mythiçal",10725,9441,"Alliance"
"Daolyn",10,0,4,"Evermoon","",10725,1193,"Horde"
"Pogwari",2,0,1,"Evermoon","Sentinel",10715,2918,"Horde"
"Arczas",10,0,2,"Evermoon","ComebackGang",10710,4589,"Horde"
"Crazymodo",2,1,3,"Evermoon","Who Cares",10710,976,"Horde"
"Dragoclaud",11,0,1,"Evermoon","",10710,645,"Alliance"
"Gömbii",8,0,6,"Evermoon","",10705,34442,"Horde"
"Emeryx",2,0,3,"Evermoon","Shadow Hunters",10705,15168,"Horde"
"Pitkinsson",1,0,1,"Evermoon","",10690,5862,"Alliance"
"Oldskool",8,0,7,"Tauri","",10685,178021,"Horde"
"Khediralolz",10,1,8,"Tauri","",10685,92705,"Horde"
"Stormfr",10,1,5,"Evermoon","GiurgiuvensHr",10685,857,"Horde"
"Walkerroxx",2,0,9,"Tauri","DisillusiØned",10675,174989,"Horde"
"Erickandsons",4,0,8,"Tauri","Killepitsch",10670,132530,"Alliance"
"Retrostatic",1,0,2,"Evermoon","Wolhaiksong",10670,1812,"Alliance"
"Apolos",1,0,3,"Evermoon","Arco Latinos",10670,1301,"Alliance"
"Darangor",10,1,4,"Evermoon","Skill Issue",10670,875,"Horde"
"Basonis",8,0,11,"Evermoon","",10665,2253,"Horde"
"Кощей",1,0,2,"Evermoon","Хранители Вечности",10665,761,"Alliance"
"Oloren",5,0,5,"Evermoon","Khorinis",10660,340,"Horde"
"Nazrelina",11,1,3,"Evermoon","",10655,3527,"Alliance"
"Väsh",4,0,11,"Evermoon","",10650,683,"Alliance"
"Lezjr",5,0,6,"Tauri","",10645,10059,"Horde"
"Padewan",6,0,7,"Tauri","Serenity",10640,152545,"Horde"
"Súnny",10,0,2,"Evermoon","",10640,23447,"Horde"
"Zimya",22,0,6,"Evermoon","Yin Yang",10640,1740,"Alliance"
"Yoshinari",8,1,5,"Evermoon","Искатели легенд",10635,42938,"Horde"
"Innes",8,1,9,"Evermoon","FireDragons",10635,986,"Horde"
"Girhesmókus",1,1,6,"Tauri","",10630,137085,"Alliance"
"Emerx",2,0,7,"Evermoon","Shadow Hunters",10625,14377,"Horde"
"Hycel",9,0,3,"Evermoon","",10625,208,"Horde"
"Gyulu",7,0,8,"Tauri","Pandemonium",10620,100474,"Alliance"
"Parashurama",25,0,1,"Evermoon","Wayang",10610,1458,"Alliance"
"Lárka",1,1,5,"Tauri","HATERS ARE NOT WELCOME",10605,146781,"Alliance"
"Adeleide",10,1,5,"Evermoon","",10605,671,"Horde"
"Zéé",1,1,4,"Tauri","",10590,62640,"Alliance"
"Atrea",11,1,6,"Tauri","Idosek Klubja",10580,130632,"Alliance"
"Ideggondozó",4,1,4,"Tauri","BOOTY BÄY SURF CLUB",10580,73161,"Alliance"
"Orodar",2,0,6,"Tauri","",10580,59311,"Horde"
"Draenpal",11,0,2,"Evermoon","Leviathan",10580,510,"Alliance"
"Jelly",5,1,5,"Tauri","Bird Keeper Company",10575,65710,"Horde"
"Ephixia",2,1,1,"Tauri","Insane",10575,30695,"Horde"
"Vezpell",4,0,3,"Evermoon","",10575,462,"Alliance"
"Zero",7,0,4,"Evermoon","La Voluntad del Gato",10570,9759,"Alliance"
"Dnblive",8,1,4,"Evermoon","",10565,12616,"Horde"
"Deeyjk",6,0,6,"Tauri","",10565,6783,"Horde"
"Roentgen",5,0,4,"Evermoon","Warlords of Destruction",10565,4451,"Horde"
"Auriel",10,1,2,"Tauri","High Heavens",10555,149889,"Horde"
"Mandrews",22,0,6,"Evermoon","Exaltado con el piso",10555,1973,"Alliance"
"Kiwïx",8,0,7,"Evermoon","Redemption",10550,2699,"Horde"
"Shriekmaw",10,1,8,"Evermoon","Quantum",10545,76117,"Horde"
"Rhanagol",1,0,8,"Evermoon","Ex Nihilo",10545,36043,"Alliance"
"Gukí",1,0,5,"Evermoon","Heralds of Argus",10545,13733,"Alliance"
"Misantrop",11,1,7,"Tauri","",10540,128725,"Alliance"
"Tomerz",10,0,8,"Evermoon","",10540,19793,"Horde"
"Høpps",5,0,4,"Tauri","Spellbook Clickers",10535,67395,"Horde"
"Zestringer",1,0,6,"Evermoon","",10535,34653,"Alliance"
"Lokkit",5,0,9,"Evermoon","Nexxus",10530,1158,"Horde"
"Beeldscherm",1,0,1,"Evermoon","Crows at Midnight",10525,2514,"Alliance"
"Arhat",10,1,8,"Evermoon","Too Glam to Give a Damn",10525,2104,"Horde"
"Woorie",10,1,2,"Evermoon","Sentinel",10525,851,"Horde"
"Crazor",10,0,6,"Evermoon","",10515,7858,"Horde"
"Kustø",2,0,7,"Tauri","",10505,244411,"Horde"
"Steampunks",1,1,6,"Evermoon","",10505,20803,"Alliance"
"Chowder",8,0,11,"Evermoon","",10505,5645,"Horde"
"Blackhobbit",7,0,6,"Evermoon","",10505,3509,"Alliance"
"Franagu",5,0,6,"Evermoon","Hijos De Odyn",10505,394,"Horde"
"Wôdanaz",6,0,11,"Tauri","The Untouchables",10500,635806,"Horde"
"Washa",6,0,11,"Tauri","Aljanépség",10490,103569,"Horde"
"Moray",1,0,2,"Tauri","Champion of Alliance",10490,59079,"Alliance"
"Beorth",1,0,1,"Evermoon","",10490,3118,"Alliance"
"Proxigén",6,0,2,"Tauri","The Resistance",10485,124675,"Horde"
"Sabrins",10,0,2,"Tauri","",10485,69145,"Horde"
"Raymønd",2,0,1,"Evermoon","Rosszcsontok",10485,46713,"Horde"
"Snarlak",9,0,8,"Evermoon","",10485,2018,"Horde"
"Gnort",2,0,6,"Evermoon","",10485,1094,"Horde"
"Týrael",3,0,6,"Evermoon","Fekete Hold",10480,4598,"Alliance"
"Sneeuwwitje",1,1,5,"Evermoon","Celestial Summit",10480,1231,"Alliance"
"Ssylaar",1,0,4,"Tauri","Pandemonium",10470,273859,"Alliance"
"Nensii",10,1,6,"Evermoon","Paranoid",10470,529,"Horde"
"Dragner",1,0,1,"Tauri","The Unforgiven",10465,319448,"Alliance"
"Keeyel",10,0,6,"Tauri","",10460,529,"Horde"
"Zatyi",1,1,3,"Evermoon","Renegade",10455,110647,"Alliance"
"Namak",2,1,1,"Tauri","",10455,24924,"Horde"
"Ôthâlâ",1,1,1,"Evermoon","",10445,36397,"Alliance"
"Ulfog",3,0,3,"Evermoon","Heralds of Argus",10445,2001,"Alliance"
"Amidk",7,1,6,"Evermoon","Leviathan",10440,1523,"Alliance"
"Saiketsu",11,1,6,"Evermoon","Paradox",10440,1026,"Alliance"
"Munifu",25,1,10,"Evermoon","Red Moon Rising",10440,654,"Alliance"
"Explosion",1,0,1,"Tauri","RelaxBroImPro",10435,103936,"Alliance"
"Marrakun",2,0,1,"Tauri","Darkmist Vortex",10430,63606,"Horde"
"Hølyshøckx",1,1,2,"Evermoon","Ace Of Spades",10420,61787,"Alliance"
"Flätbus",8,1,11,"Evermoon","Nexxus",10420,7290,"Horde"
"Escrotalus",2,0,6,"Evermoon","MiniDowns",10420,3937,"Horde"
"Franbow",2,1,3,"Evermoon","Storm",10415,477,"Horde"
"Nimphel",11,1,3,"Tauri","Outlaws",10410,130428,"Alliance"
"Stanleyrose",1,0,1,"Evermoon","",10410,853,"Alliance"
"Derzelas",1,0,5,"Tauri","Echoes",10405,222042,"Alliance"
"Somavok",11,0,7,"Tauri","bOHEMOK",10405,85319,"Alliance"
"Bruna",4,1,5,"Evermoon","Wipe Happens",10400,13744,"Alliance"
"Vimalcm",22,0,6,"Evermoon","Kool Kalm Kollected",10395,634,"Alliance"
"Hiën",4,1,5,"Tauri","Wings of Angels",10390,127675,"Alliance"
"Willing",1,0,9,"Tauri","Flare of the Heavens",10390,65250,"Alliance"
"Frontage",8,1,7,"Evermoon","",10385,1331,"Horde"
"Chlonix",11,0,2,"Evermoon","",10375,144594,"Alliance"
"Silonix",2,0,9,"Tauri","HalálSzárny",10375,59249,"Horde"
"Orgyene",22,0,11,"Evermoon","",10375,725,"Alliance"
"Feenik",10,0,5,"Evermoon","Try Hard Team",10370,5194,"Horde"
"Nosausage",1,0,8,"Evermoon","Flyíng Whales",10370,971,"Alliance"
"Cyuris",10,0,8,"Evermoon","",10365,138,"Horde"
"Miryam",11,1,7,"Tauri","Pandemonium",10355,563397,"Alliance"
"Venomorph",6,1,11,"Tauri","",10355,132009,"Horde"
"Äirapaly",10,0,2,"Evermoon","",10355,30234,"Horde"
"Maxout",6,0,1,"Evermoon","",10355,23325,"Horde"
"Kaspbrack",26,0,10,"Evermoon","Skill Issue",10350,1600,"Horde"
"Endela",4,1,11,"Evermoon","Ultimate Tamers",10345,1069,"Alliance"
"Gyulály",5,0,6,"Tauri","",10335,126460,"Horde"
"Frägga",2,1,6,"Tauri","Legends Never Die",10335,102904,"Horde"
"Neivah",2,1,6,"Evermoon","Incendia",10335,2270,"Horde"
"Lalie",10,0,2,"Evermoon","Sentinel",10330,35879,"Horde"
"Bocikavok",8,0,11,"Evermoon","",10325,3123,"Horde"
"Ceradona",10,1,4,"Evermoon","SavageHabbits",10320,3184,"Horde"
"Høllyz",2,0,1,"Evermoon","",10315,8347,"Horde"
"Chained",2,0,6,"Tauri","",10310,64797,"Horde"
"Gnocchimann",10,0,4,"Evermoon","Vanguard Ascendant",10305,9988,"Horde"
"Hubertmistrz",26,1,10,"Evermoon","Muzykanci z Gruzji",10305,1053,"Horde"
"Kumbayaya",8,1,9,"Evermoon","Incendia",10300,9664,"Horde"
"Богимператор",2,0,1,"Evermoon","",10300,2339,"Horde"
"Førest",26,0,3,"Evermoon","FrenchConnection",10295,1117,"Horde"
"Álu",4,1,10,"Evermoon","Ouroboros",10285,10797,"Alliance"
"Qnox",2,1,1,"Evermoon","Who Cares",10275,18848,"Horde"
"Hailiec",8,1,7,"Evermoon","",10275,5674,"Horde"
"Doomslash",10,1,4,"Evermoon","Skill Issue",10275,2766,"Horde"
"Mayurisamah",5,0,6,"Evermoon","EL CARTEL DE AZEROTH",10275,945,"Horde"
"Shadowpala",1,1,2,"Tauri","The Crusade",10270,246061,"Alliance"
"Gravemind",5,1,5,"Tauri","",10265,96313,"Horde"
"Nalord",8,0,11,"Evermoon","",10250,15790,"Horde"
"Panacea",2,1,1,"Evermoon","Outer Edges",10245,32145,"Horde"
"Rólländ",10,0,4,"Evermoon","Sir Hamilton",10240,925,"Horde"
"Cyberpanda",25,1,7,"Evermoon","",10225,444,"Alliance"
"Fruzsiina",4,1,8,"Tauri","",10200,87315,"Alliance"
"Orongara",2,1,6,"Evermoon","",10200,3656,"Horde"
"Llysan",10,1,9,"Evermoon","Orden Oscura",10200,1267,"Horde"
"Xemoz",5,0,9,"Evermoon","CannabisCountryClub",10195,80337,"Horde"
"Zilpa",2,1,3,"Evermoon","Shadow Hunters",10195,36751,"Horde"
"Xerzak",22,1,11,"Evermoon","",10195,680,"Alliance"
"Lianell",10,1,8,"Evermoon","Nexxus",10195,370,"Horde"
"Cmx",2,1,1,"Evermoon","",10190,25060,"Horde"
"Yoyolk",4,1,8,"Evermoon","",10180,271,"Alliance"
"Neonoid",1,0,2,"Tauri","",10175,84722,"Alliance"
"Hárdyn",10,1,2,"Tauri","StudentsOfDeatH",10170,111805,"Horde"
"Nakedchefx",2,1,7,"Evermoon","Endless",10165,20119,"Horde"
"Wampir",8,0,5,"Evermoon","Muzykanci z Gruzji",10165,1590,"Horde"
"Isgardia",1,1,2,"Evermoon","Cara Máxima",10165,1403,"Alliance"
"Erinya",1,1,3,"Evermoon","Test Drive",10165,807,"Alliance"
"Sheriff",6,0,2,"Evermoon","",10160,13133,"Horde"
"Tyrius",10,0,2,"Evermoon","",10155,13551,"Horde"
"Zsergar",1,0,8,"Tauri","",10150,115687,"Alliance"
"Epeerkex",4,1,8,"Tauri","Sleepless",10150,58407,"Alliance"
"Zazazhul",8,0,7,"Evermoon","CannabisCountryClub",10145,7388,"Horde"
"Lightter",9,0,5,"Evermoon","The Iron Horde",10145,504,"Horde"
"Randen",10,0,10,"Evermoon","Aranytoll",10140,1039,"Horde"
"Hanzo",5,0,4,"Evermoon","Olympus",10140,557,"Horde"
"Manióka",2,0,4,"Evermoon","",10130,11005,"Horde"
"Gorgond",2,0,1,"Evermoon","",10130,9202,"Horde"
"Sashiety",4,1,4,"Evermoon","The Herbivorous Snigels",10130,2182,"Alliance"
"Jegessziv",8,1,8,"Evermoon","Speedkillers",10125,3338,"Horde"
"Unoki",2,0,7,"Evermoon","I n v i n c i b l e",10125,1439,"Horde"
"Xyriozarathu",5,0,9,"Evermoon","IZOMGERENDA KFT",10115,16474,"Horde"
"Bredron",11,0,7,"Tauri","PØWER",10105,109026,"Alliance"
"Magosex",11,0,5,"Evermoon","Yin Yang",10105,43376,"Alliance"
"Ripsoul",1,1,1,"Evermoon","",10105,21842,"Alliance"
"Kuliqwar",8,1,1,"Evermoon","",10105,2907,"Horde"
"Morgianâ",1,1,9,"Evermoon","",10105,2009,"Alliance"
"Rule",5,0,5,"Tauri","High Heavens",10100,245200,"Horde"
"Beü",1,1,2,"Tauri","HowToSmokeWeed",10100,91204,"Alliance"
"Step",1,1,4,"Tauri","",10100,64560,"Alliance"
"Notoriousxo",1,0,5,"Evermoon","",10100,15926,"Alliance"
"Miraclle",1,1,10,"Evermoon","",10095,2211,"Alliance"
"Macicaa",6,0,11,"Tauri","",10090,100803,"Horde"
"Shíla",1,1,9,"Tauri","Angel Rune",10085,129616,"Alliance"
"Päpä",9,0,1,"Tauri","High Heavens",10085,60264,"Horde"
"Xirev",1,1,3,"Evermoon","Thunder",10085,24401,"Alliance"
"Deadofbones",5,0,4,"Evermoon","Punishers",10085,4475,"Horde"
"Nirxy",25,1,7,"Evermoon","Descent into Madness",10085,369,"Alliance"
"Kähnum",2,0,3,"Evermoon","",10080,53857,"Horde"
"Røççø",10,0,2,"Tauri","High Heavens",10065,118594,"Horde"
"Abusee",26,0,10,"Evermoon","",10065,642,"Horde"
"Princprason",1,0,2,"Evermoon","",10060,183,"Alliance"
"Fixloggen",2,1,6,"Evermoon","Raidloggen",10055,13503,"Horde"
"Papakelth",2,0,6,"Evermoon","",10055,6334,"Horde"
"Nebasz",4,0,11,"Evermoon","",10050,17367,"Alliance"
"Synysterr",26,1,4,"Evermoon","",10045,1243,"Horde"
"Pipihús",5,1,5,"Tauri","High Heavens",10040,166353,"Horde"
"Mavïe",8,1,5,"Evermoon","washed after one season",10040,17589,"Horde"
"Shawyne",10,1,2,"Tauri","",10035,69066,"Horde"
"Clarkexd",11,1,7,"Evermoon","Yin Yang",10030,1800,"Alliance"
"Greenrage",2,1,1,"Evermoon","ComebackGang",10025,87,"Horde"
"Sanemi",8,0,7,"Evermoon","Nightmares",10020,7793,"Horde"
"Empeiros",2,0,1,"Evermoon","HoldMyBeerAndWatchThis",10020,380,"Horde"
"Harimahario",26,0,3,"Evermoon","Llama Rubí",10015,631,"Horde"
"Engemüss",8,0,10,"Evermoon","TeamWork Hungary",10015,152,"Horde"
"Justorm",1,0,2,"Evermoon","FallenAngels",10010,33518,"Alliance"
"Sodrexgypsy",8,1,5,"Evermoon","",10010,18776,"Horde"
"Korzonone",6,0,1,"Evermoon","",10010,248,"Horde"
"Messalia",4,1,5,"Tauri","Defenders of Sylvanas",10005,78956,"Alliance"
"Azeir",7,0,8,"Evermoon","Storm of Vengeance",9995,14105,"Alliance"
"Alexiá",2,1,3,"Evermoon","ComebackGang",9995,505,"Horde"
"Gorondir",9,0,6,"Tauri","Die Strafe",9990,85607,"Horde"
"Zsuzsikocka",11,1,7,"Evermoon","",9985,10146,"Alliance"
"Badie",25,1,7,"Evermoon","",9985,1685,"Alliance"
"Dunderdamen",25,1,7,"Evermoon","wololo",9980,24847,"Alliance"
"Takeøff",2,1,3,"Evermoon","Incendia",9980,12187,"Horde"
"Asteroid",10,1,6,"Evermoon","Catharsis",9975,38096,"Horde"
"Zedreg",25,0,10,"Evermoon","",9975,754,"Alliance"
"Jadenstarx",22,0,1,"Evermoon","Celestial Summit",9970,3532,"Alliance"
"Fényangyal",1,1,8,"Evermoon","Fekete Hold",9960,36930,"Alliance"
"Dottazar",1,0,5,"Evermoon","",9960,566,"Alliance"
"Peetixx",1,0,2,"Evermoon","",9945,44805,"Alliance"
"Worvo",3,0,9,"Evermoon","Heralds of Argus",9945,690,"Alliance"
"Extrike",1,1,2,"Evermoon","Harcosok klubja",9940,209441,"Alliance"
"Saphir",3,1,5,"Evermoon","Nainport Export",9940,535,"Alliance"
"Hexfåctor",8,1,7,"Evermoon","Frontside Misty",9940,414,"Horde"
"Karanoz",1,0,1,"Evermoon","Crimson Rose",9935,39301,"Alliance"
"Pappec",8,0,3,"Evermoon","",9935,13140,"Horde"
"Spellmaster",10,1,9,"Evermoon","Zsibbadt egerek",9935,3054,"Horde"
"Illithrall",2,0,7,"Evermoon","Incendia",9930,1807,"Horde"
"Milcsii",2,0,4,"Tauri","Chaos Theory",9915,143546,"Horde"
"Unimil",6,0,11,"Evermoon","Rycerze Ortalionu",9915,37830,"Horde"
"Joarampo",2,0,3,"Evermoon","Diamond Dogs",9915,226,"Horde"
"Mï",8,1,9,"Evermoon","Kamote",9900,34578,"Horde"
"Albundy",6,0,6,"Evermoon","Rosszcsontok",9900,12147,"Horde"
"Astharoshe",25,1,3,"Evermoon","",9900,2451,"Alliance"
"Iptus",6,0,6,"Evermoon","Chaos Legion",9900,1631,"Horde"
"Isyutaru",4,1,11,"Tauri","",9890,137947,"Alliance"
"Jaderabbit",4,1,11,"Evermoon","Draconis",9885,581,"Alliance"
"Zolrag",8,0,9,"Tauri","",9880,60579,"Horde"
"Kelthaes",10,0,2,"Tauri","Longbow Hunters",9875,61339,"Horde"
"Malens",1,0,6,"Evermoon","",9875,21723,"Alliance"
"Cregath",5,0,8,"Evermoon","",9875,15563,"Horde"
"Ándörtékör",8,0,11,"Evermoon","Redemption",9875,2660,"Horde"
"Gudrir",1,0,1,"Tauri","CENZORED",9870,161694,"Alliance"
"Wigorr",1,0,6,"Evermoon","Far Beyond Insanity",9870,53256,"Alliance"
"Dragonka",1,0,2,"Tauri","Old Boyz",9865,67878,"Alliance"
"Mäe",10,1,3,"Evermoon","",9860,2964,"Horde"
"Cowasaki",6,0,6,"Evermoon","",9855,47273,"Horde"
"Nefil",5,1,5,"Tauri","",9850,69486,"Horde"
"Holycíca",10,1,2,"Tauri","Conclusion",9845,119585,"Horde"
"Petrinez",11,1,7,"Tauri","Second Chance",9845,60392,"Alliance"
"Milaay",11,1,8,"Evermoon","Cruzada de Los Andes",9845,152,"Alliance"
"Mengel",2,0,3,"Tauri","High Heavens",9840,80040,"Horde"
"Snygg",10,1,1,"Evermoon","",9815,16999,"Horde"
"Examil",2,0,6,"Evermoon","",9815,1133,"Horde"
"Wardeen",22,0,8,"Evermoon","Test Drive",9815,921,"Alliance"
"Sairensa",4,1,4,"Evermoon","",9810,6904,"Alliance"
"Werkk",8,1,7,"Tauri","Infernum",9805,85113,"Horde"
"Fluriusz",10,0,5,"Tauri","Tropic Thunder",9800,100310,"Horde"
"Ravennë",2,1,7,"Evermoon","Pálmafa",9800,3809,"Horde"
"Njördr",26,0,10,"Evermoon","",9790,228,"Horde"
"Harak",1,0,4,"Tauri","Durability",9785,143543,"Alliance"
"Szeenszeej",4,1,11,"Evermoon","",9785,11103,"Alliance"
"Alatir",2,1,8,"Evermoon","Who Cares",9780,353,"Horde"
"Milena",10,1,5,"Tauri","The Redeemers",9765,84751,"Horde"
"Damne",2,0,6,"Evermoon","Endless",9760,15852,"Horde"
"Quavo",22,0,11,"Evermoon","UPC Service",9760,1449,"Alliance"
"Kollt",2,0,1,"Evermoon","",9755,35339,"Horde"
"Cowrosaurus",6,0,2,"Evermoon","Ominous",9755,5308,"Horde"
"Chaby",2,0,1,"Evermoon","Chicken Squad",9750,17177,"Horde"
"Tsaî",8,1,3,"Evermoon","Melody Lane",9745,19645,"Horde"
"Intër",10,0,2,"Evermoon","",9745,8898,"Horde"
"Ethirion",10,1,9,"Evermoon","Cash Flow",9745,2856,"Horde"
"Cinny",1,1,5,"Evermoon","The Lions Den",9745,235,"Alliance"
"Danorok",22,0,6,"Evermoon","Order of the Moon",9740,2678,"Alliance"
"Korray",11,1,7,"Evermoon","",9735,4248,"Alliance"
"Hepatitiz",8,1,11,"Evermoon","Skill Issue",9735,605,"Horde"
"Borntocoom",1,0,2,"Evermoon","Chimken and the Nuggies",9730,2995,"Alliance"
"Liskó",5,0,8,"Evermoon","",9725,126,"Horde"
"Kondy",1,1,8,"Tauri","Pandemonium",9720,182237,"Alliance"
"Firemagic",8,0,8,"Evermoon","",9715,5174,"Horde"
"Noncontrol",10,0,2,"Evermoon","Enter the Dream",9710,368,"Horde"
"Jonby",1,0,1,"Tauri","no mercy for your rating",9705,66074,"Alliance"
"Lyathrel",10,1,1,"Evermoon","",9705,1453,"Horde"
"Wrathfury",6,0,2,"Evermoon","Redemption",9700,44112,"Horde"
"Shimouz",22,0,3,"Evermoon","",9685,426,"Alliance"
"Steiger",8,0,8,"Evermoon","",9680,15091,"Horde"
"Stríker",2,0,1,"Evermoon","",9675,18270,"Horde"
"Yitz",25,0,8,"Evermoon","Red Moon Rising",9675,968,"Alliance"
"Sholym",1,1,2,"Evermoon","deceased legend",9670,54410,"Alliance"
"Mäximus",2,0,1,"Evermoon","",9670,13723,"Horde"
"Veka",11,1,3,"Evermoon","Arco Latinos",9670,634,"Alliance"
"Mähorka",2,0,6,"Evermoon","",9660,4870,"Horde"
"Skittless",4,1,4,"Evermoon","Хранители Вечности",9655,3038,"Alliance"
"Nakirin",25,1,10,"Evermoon","Yin Yang",9650,3598,"Alliance"
"Trebron",5,0,5,"Evermoon","",9650,3017,"Horde"
"Rapelesz",1,1,1,"Tauri","",9645,125038,"Alliance"
"Zsozé",10,1,10,"Evermoon","Solo Leveling",9635,8547,"Horde"
"Greensfinx",9,0,7,"Evermoon","Despair",9630,19737,"Horde"
"Daveborn",1,0,1,"Tauri","Cuppogó Bikäherék",9625,64433,"Alliance"
"Estheliel",10,1,2,"Evermoon","Happy Friends",9625,2725,"Horde"
"Thessalina",4,1,5,"Evermoon","Astral Walkers",9625,689,"Alliance"
"Mikegw",8,0,8,"Evermoon","",9620,18547,"Horde"
"Azix",3,0,6,"Evermoon","",9620,8533,"Alliance"
"Redaster",6,0,11,"Evermoon","Solo Leveling",9620,4013,"Horde"
"Mxs",1,0,2,"Evermoon","",9620,230,"Alliance"
"Sztokorosci",5,0,3,"Evermoon","Zakon Wypalonego Blanta",9610,70705,"Horde"
"Zyllia",11,1,7,"Evermoon","",9610,1391,"Alliance"
"Nereil",1,0,2,"Evermoon","Plows sans Frontières",9610,917,"Alliance"
"Marczelina",2,1,3,"Evermoon","",9605,20058,"Horde"
"Swenky",2,0,7,"Evermoon","",9605,1403,"Horde"
"Cyanide",1,1,1,"Evermoon","",9600,18758,"Alliance"
"Vándörvumen",3,1,7,"Evermoon","UPC Service",9600,5793,"Alliance"
"Zenghar",10,0,1,"Evermoon","Storm",9600,305,"Horde"
"Laystar",4,1,5,"Evermoon","Army of Divergent",9595,4103,"Alliance"
"Nemlopot",8,0,5,"Evermoon","Gypsy barbershop",9590,4752,"Horde"
"Tuctotem",8,0,7,"Evermoon","",9580,26948,"Horde"
"Lureena",1,1,2,"Evermoon","Logic",9580,21479,"Alliance"
"Mngl",2,1,1,"Tauri","High Heavens",9565,75405,"Horde"
"Vengi",2,0,1,"Tauri","Conclusion",9560,57638,"Horde"
"Karnefromusa",1,0,3,"Evermoon","Test Drive",9550,1688,"Alliance"
"Fearelé",1,1,9,"Evermoon","",9550,1018,"Alliance"
"Jaylani",22,1,8,"Evermoon","Darkness Falls",9540,11886,"Alliance"
"Mahhmann",6,0,11,"Evermoon","Rosszcsontok",9540,1606,"Horde"
"Scyllä",2,0,1,"Evermoon","",9535,11267,"Horde"
"Altharious",1,0,6,"Evermoon","",9535,668,"Alliance"
"Makrélanayli",4,1,11,"Tauri","",9520,150730,"Alliance"
"Zumigon",2,0,9,"Evermoon","Resolve",9520,30742,"Horde"
"Shuruga",2,1,3,"Tauri","Ex Mortis",9505,332118,"Horde"
"Sensis",3,0,2,"Evermoon","The Asylum",9500,5863,"Alliance"
"Kaluh",6,0,11,"Tauri","Sangye Choeling",9490,268926,"Horde"
"Orzechowaty",2,0,1,"Evermoon","Incendia",9490,2796,"Horde"
"Yunique",1,1,2,"Tauri","",9485,173526,"Alliance"
"Luceana",8,1,9,"Evermoon","Atheon",9485,19228,"Horde"
"Bejlien",4,1,4,"Evermoon","",9485,7170,"Alliance"
"Darkshøt",8,0,3,"Evermoon","",9480,19126,"Horde"
"Sillyfox",9,1,5,"Evermoon","Calamity",9480,15530,"Horde"
"Háru",4,1,11,"Evermoon","",9480,1045,"Alliance"
"Comodus",1,0,2,"Tauri","",9470,95023,"Alliance"
"Bratos",11,1,7,"Tauri","",9470,83687,"Alliance"
"Lurielle",4,1,5,"Evermoon","Luminantia",9470,2692,"Alliance"
"Izzual",6,0,7,"Tauri","Legends Never Die",9465,71792,"Horde"
"Tendoor",22,0,1,"Evermoon","Stormwind Raid Club",9460,7428,"Alliance"
"Giaco",2,0,3,"Evermoon","V A L H Â L L A",9460,4001,"Horde"
"Thressh",7,1,8,"Evermoon","Leviathan",9455,23383,"Alliance"
"Miralex",10,1,5,"Evermoon","The Goldenheart Family",9455,166,"Horde"
"Jonycica",11,1,7,"Evermoon","Evergreen",9450,22270,"Alliance"
"Galacsinka",10,0,6,"Evermoon","",9445,9987,"Horde"
"Anacardium",1,1,5,"Tauri","",9440,119759,"Alliance"
"Jucuss",11,1,7,"Evermoon","Darkness Falls",9440,700,"Alliance"
"Plks",8,0,3,"Evermoon","Gear Factor",9440,485,"Horde"
"Lepo",8,0,5,"Tauri","",9435,220731,"Horde"
"Bakosricsi",1,0,1,"Evermoon","",9430,25367,"Alliance"
"Räwenna",8,1,9,"Evermoon","I n v i n c i b l e",9430,6128,"Horde"
"Bm",1,0,3,"Tauri","MVP",9425,489433,"Alliance"
"Rodwell",2,0,7,"Tauri","",9425,68494,"Horde"
"Garianna",10,1,4,"Evermoon","",9425,481,"Horde"
"Sorrowedsoul",1,1,10,"Evermoon","",9415,2063,"Alliance"
"Calibre",10,1,3,"Evermoon","Outer Edges",9410,15863,"Horde"
"Sappiron",1,0,8,"Tauri","",9405,111828,"Alliance"
"Madvision",10,1,5,"Evermoon","Vistustan",9395,30348,"Horde"
"Draúghart",8,1,5,"Evermoon","The Chosen One",9395,26140,"Horde"
"Lazzyd",1,0,1,"Evermoon","",9395,20188,"Alliance"
"Rydiån",4,0,4,"Evermoon","",9390,5637,"Alliance"
"Luzhan",26,1,10,"Evermoon","Ominous",9385,917,"Horde"
"Zeithrom",1,0,6,"Evermoon","Yin Yang",9380,7510,"Alliance"
"Worgdrud",22,0,11,"Evermoon","Leviathan",9380,3661,"Alliance"
"Leonin",10,0,9,"Tauri","Aljanépség",9370,131749,"Horde"
"Ulthuana",4,1,8,"Evermoon","",9370,56218,"Alliance"
"Ariael",4,1,11,"Evermoon","",9365,2522,"Alliance"
"Briäñ",2,0,3,"Evermoon","Punishers",9360,943,"Horde"
"Blazexmax",6,0,2,"Evermoon","A K A T S U K I",9360,718,"Horde"
"Bunyie",2,0,7,"Tauri","",9350,72871,"Horde"
"Gominlol",5,1,4,"Evermoon","",9345,40156,"Horde"
"Hohohaha",3,0,3,"Evermoon","wololo",9325,114923,"Alliance"
"Brazstarx",5,0,4,"Evermoon","Rosszcsontok",9325,50364,"Horde"
"Venøx",6,0,2,"Evermoon","",9315,4049,"Horde"
"Autumnroar",2,0,3,"Evermoon","",9315,1796,"Horde"
"Useabandage",10,1,5,"Tauri","The Redeemers",9310,77771,"Horde"
"Mistwalk",10,1,10,"Tauri","",9310,475,"Horde"
"Lunasong",25,1,1,"Evermoon","La Cruzada Escarlata",9310,433,"Alliance"
"Sardrystus",10,0,2,"Evermoon","",9300,17824,"Horde"
"Syoku",1,1,5,"Evermoon","",9300,7278,"Alliance"
"Vikdora",8,1,9,"Evermoon","The Iron Horde",9295,227,"Horde"
"Damköhler",1,1,9,"Tauri","",9285,116361,"Alliance"
"Yakushima",8,1,11,"Evermoon","",9285,12147,"Horde"
"Gnaww",25,0,10,"Evermoon","Innkeepers",9280,544,"Alliance"
"Nightfairy",10,0,2,"Evermoon","Chicken Squad",9280,459,"Horde"
"Mercyfulfåte",8,1,7,"Evermoon","Despair",9275,19117,"Horde"
"Brisalín",26,1,10,"Evermoon","Gehenna",9270,1748,"Horde"
"Lesca",10,1,8,"Evermoon","Aletta Ocean",9265,1094,"Horde"
"Matano",10,0,2,"Tauri","Death Vengeance",9260,61116,"Horde"
"Omnishriek",8,1,8,"Evermoon","Quantum",9260,22794,"Horde"
"Helson",8,0,11,"Evermoon","BabyBaby",9260,614,"Horde"
"Kalkata",8,0,3,"Evermoon","Resolve",9260,536,"Horde"
"Baphomet",8,1,7,"Evermoon","",9255,3854,"Horde"
"Hallucinogén",3,0,7,"Evermoon","The Legend of Zelda",9250,28463,"Alliance"
"Oizys",10,1,8,"Tauri","Moonlight Warriors",9245,109864,"Horde"
"Multirage",8,0,5,"Evermoon","Depression Intensifies",9240,41960,"Horde"
"Cloudlight",4,0,1,"Evermoon","The Emerald Archives",9235,1252,"Alliance"
"Salihn",5,1,9,"Evermoon","Aurora",9230,33903,"Horde"
"Eowhyn",1,1,8,"Evermoon","Nightfallen",9230,637,"Alliance"
"Loxy",1,1,1,"Evermoon","",9225,43971,"Alliance"
"Örelle",4,1,11,"Evermoon","Requiem",9225,809,"Alliance"
"Märcel",4,1,11,"Tauri","",9220,100022,"Alliance"
"Sakymaci",8,0,11,"Evermoon","",9210,22244,"Horde"
"Mayvis",5,1,5,"Evermoon","",9205,18900,"Horde"
"Hirumka",1,1,9,"Evermoon","Vicarious",9200,901,"Alliance"
"Bakum",8,0,11,"Evermoon","",9190,12652,"Horde"
"Floow",7,0,9,"Tauri","",9185,90676,"Alliance"
"Normund",5,0,6,"Tauri","",9180,117625,"Horde"
"Saslik",10,1,3,"Tauri","",9180,82569,"Horde"
"Acelya",4,1,11,"Evermoon","Leviathan",9180,50453,"Alliance"
"Mournblade",10,0,6,"Evermoon","NobleBlood",9180,39284,"Horde"
"Murrhadin",8,0,8,"Evermoon","Warband",9180,2785,"Horde"
"Kyndria",1,1,4,"Evermoon","",9180,1926,"Alliance"
"Freyvan",11,1,8,"Evermoon","",9165,3228,"Alliance"
"Gac",1,0,5,"Tauri","",9160,61005,"Alliance"
"Schatzi",1,1,5,"Evermoon","",9145,19049,"Alliance"
"Mî",26,1,4,"Evermoon","",9135,4985,"Horde"
"Resolution",10,0,2,"Evermoon","Calamity",9130,698,"Horde"
"Thééd",3,1,4,"Tauri","",9125,62551,"Alliance"
"Frevil",2,0,6,"Evermoon","",9120,6252,"Horde"
"Daiso",8,1,7,"Evermoon","Zsibbadt egerek",9105,4977,"Horde"
"Overproof",5,0,5,"Evermoon","Champion OF The Horde",9085,190584,"Horde"
"Varesz",1,0,1,"Tauri","",9085,92392,"Alliance"
"Hoodstar",5,0,8,"Tauri","",9085,57770,"Horde"
"Runepig",10,1,6,"Evermoon","Warband",9075,10513,"Horde"
"Spartanovia",1,1,3,"Tauri","",9070,134291,"Alliance"
"Gipsie",8,0,7,"Tauri","Equilibrium",9065,64750,"Horde"
"Aazula",10,1,8,"Evermoon","",9060,77002,"Horde"
"Cycløne",8,1,11,"Evermoon","",9055,12980,"Horde"
"Velíria",4,1,3,"Evermoon","",9035,8311,"Alliance"
"Kastavigi",8,1,7,"Tauri","",9035,349,"Horde"
"Jûggêrnâûty",26,1,1,"Tauri","",9025,137508,"Horde"
"Pokorny",26,1,4,"Evermoon","",9020,2702,"Horde"
"Poisoner",5,1,4,"Tauri","The Redeemers",9015,84077,"Horde"
"Bobbysoxer",5,1,10,"Evermoon","OMNOMNOMNOMNOMNOMNOMNOM",9015,5651,"Horde"
"Holdcore",1,0,9,"Tauri","Hypnotize",9010,126532,"Alliance"
"Madbreath",1,0,1,"Evermoon","Test Drive",9005,63957,"Alliance"
"Conio",1,1,8,"Evermoon","",9005,13413,"Alliance"
"Features",1,1,6,"Tauri","",8995,71160,"Alliance"
"Artemísía",1,1,3,"Evermoon","Fekete Hold",8995,61929,"Alliance"
"Atiesh",5,0,8,"Evermoon","Who Cares",8995,10565,"Horde"
"Vérnyom",1,0,1,"Evermoon","",8995,2486,"Alliance"
"Farlight",10,1,3,"Evermoon","Raidloggen",8995,754,"Horde"
"Whirux",2,0,6,"Tauri","High Heavens",8990,116745,"Horde"
"Jedial",1,0,10,"Evermoon","",8990,1619,"Alliance"
"Kelthaa",10,1,2,"Evermoon","",8970,14120,"Horde"
"Zdaboy",4,0,1,"Tauri","",8965,112819,"Alliance"
"Tabszos",1,0,1,"Tauri","",8945,59415,"Alliance"
"Mcloren",2,1,3,"Tauri","Booty Bay Social Club",8945,57545,"Horde"
"Arccangel",10,0,6,"Tauri","",8930,81975,"Horde"
"Volkesz",22,0,8,"Evermoon","",8930,40414,"Alliance"
"Holytrep",10,1,5,"Evermoon","",8920,8551,"Horde"
"Lencha",8,1,11,"Evermoon","OSITOS EN LLAMAS",8910,60000,"Horde"
"Mydaiel",4,1,8,"Evermoon","Draconis",8905,42702,"Alliance"
"Cokacolla",10,0,2,"Evermoon","",8900,1955,"Horde"
"Csuros",10,0,2,"Tauri","",8895,93182,"Horde"
"Hellveil",10,1,1,"Evermoon","",8895,964,"Horde"
"Mexon",5,0,4,"Tauri","Public Enemies",8860,104256,"Horde"
"Meleelock",8,1,9,"Evermoon","Paranoid",8860,23098,"Horde"
"Cheega",5,0,9,"Tauri","",8850,109351,"Horde"
"Hølgrøød",1,0,2,"Tauri","Inner Sanctum",8850,61403,"Alliance"
"Lëz",8,0,7,"Evermoon","Hollywood Undead",8850,4983,"Horde"
"Svogthere",22,1,3,"Evermoon","",8825,35493,"Alliance"
"Dyaras",10,0,2,"Tauri","Legends Never Die",8820,57877,"Horde"
"Észer",2,0,1,"Evermoon","",8820,21108,"Horde"
"Redbinder",8,0,3,"Evermoon","",8810,14731,"Horde"
"Hydro",1,0,6,"Tauri","Destroyer",8800,84799,"Alliance"
"Lampisquall",4,1,11,"Tauri","Pandemonium",8800,81647,"Alliance"
"Haromm",2,0,7,"Evermoon","Sentinel",8785,36800,"Horde"
"Chuckiy",5,0,4,"Tauri","Sons of Darkness",8765,104023,"Horde"
"Volca",6,0,11,"Evermoon","",8765,30469,"Horde"
"Smill",1,0,2,"Tauri","Senior Tauri Squad",8750,63195,"Alliance"
"Pandamera",10,1,5,"Evermoon","",8745,13613,"Horde"
"Vemokus",10,0,3,"Tauri","Seekers of the Self",8735,121187,"Horde"
"Reptiire",2,0,1,"Tauri","GOD HACKED US",8735,64696,"Horde"
"Cicavízió",1,1,5,"Tauri","",8735,58020,"Alliance"
"Clyser",8,0,1,"Evermoon","Sombras Da Horda",8735,20494,"Horde"
"Neuuss",11,0,7,"Evermoon","",8730,1798,"Alliance"
"Generat",11,0,7,"Tauri","Blood of the Dragon",8720,103131,"Alliance"
"Herkulles",1,0,2,"Tauri","Fejvadaszok",8715,69532,"Alliance"
"Jyzletotem",8,1,7,"Evermoon","Yakitori",8715,54436,"Horde"
"Lorgax",11,0,7,"Tauri","",8710,71416,"Alliance"
"Bibalein",10,1,5,"Evermoon","The Carnivorous Snigels",8705,1370,"Horde"
"Catelin",10,1,2,"Evermoon","I n v i n c i b l e",8690,25200,"Horde"
"Thelongpenïs",2,1,1,"Evermoon","Wipes on Tresh",8685,27120,"Horde"
"Jamesonx",1,0,2,"Evermoon","Tempest",8685,14679,"Alliance"
"Namani",1,1,4,"Tauri","",8675,58404,"Alliance"
"Lexy",10,1,5,"Evermoon","",8670,11545,"Horde"
"Lunarpaws",22,1,11,"Evermoon","Best Random Group",8635,27827,"Alliance"
"Hexfactor",25,1,7,"Evermoon","",8635,616,"Alliance"
"Nosferatuzod",1,0,6,"Evermoon","Blessings",8630,7028,"Alliance"
"Flidais",11,1,7,"Evermoon","",8620,48946,"Alliance"
"Tøøløk",6,1,11,"Tauri","GOD HACKED US",8615,59814,"Horde"
"Cecylia",10,1,9,"Evermoon","Titan",8615,10032,"Horde"
"Ast",10,1,6,"Evermoon","",8605,2667,"Horde"
"Vérszurikáta",6,1,2,"Tauri","",8595,68191,"Horde"
"Wy",5,0,9,"Tauri","The Executioners Of Sargeras",8595,59094,"Horde"
"Sacredundead",5,0,5,"Evermoon","",8595,5276,"Horde"
"Antistres",7,0,4,"Evermoon","I Unión  Esencial I   ",8590,28966,"Alliance"
"Vidomina",5,1,5,"Evermoon","Pixel Frenzy",8575,38828,"Horde"
"Astericus",8,0,7,"Evermoon","Redemption",8575,36292,"Horde"
"Lazlouth",2,1,6,"Evermoon","",8575,32918,"Horde"
"Sangius",10,1,3,"Tauri","Hysteria",8565,65246,"Horde"
"Pepybaba",10,1,4,"Tauri","Lords of Destiny",8555,76564,"Horde"
"Bloodyshadow",10,1,4,"Evermoon","Vision of Damnation",8555,16328,"Horde"
"Nerbu",2,0,3,"Evermoon","",8545,4396,"Horde"
"Enemagodx",7,0,9,"Evermoon","Aqours",8540,52549,"Alliance"
"Chrotulus",5,0,9,"Tauri","High Heavens",8525,107261,"Horde"
"Solla",11,1,7,"Evermoon","Fekete Hold",8525,27469,"Alliance"
"Etia",11,1,7,"Evermoon","Far Beyond Insanity",8520,25130,"Alliance"
"Kabzsy",1,0,3,"Evermoon","",8515,33764,"Alliance"
"Panoxy",2,0,3,"Evermoon","",8515,7921,"Horde"
"Orcimó",2,0,7,"Evermoon","Aletta Ocean",8510,9910,"Horde"
"Khär",10,0,2,"Evermoon","",8510,4228,"Horde"
"Solán",1,1,1,"Tauri","Holy Sentinels",8495,63067,"Alliance"
"Kevaa",8,1,7,"Evermoon","The Twilight Horde",8490,405,"Horde"
"Pupcia",10,1,8,"Evermoon","Rycerze Ortalionu",8485,65819,"Horde"
"Vanyla",1,1,2,"Evermoon","",8480,22605,"Alliance"
"Danessy",1,1,4,"Evermoon","New World Order",8480,6124,"Alliance"
"Beucy",10,1,2,"Evermoon","",8475,26388,"Horde"
"Aoras",1,0,2,"Evermoon","Cookie Squad",8475,6299,"Alliance"
"Verdox",8,1,7,"Tauri","Aljanépség",8460,188351,"Horde"
"Khila",8,1,11,"Tauri","",8460,86861,"Horde"
"Warbinder",2,0,1,"Evermoon","Feláldozhatók",8460,23359,"Horde"
"Beryo",7,1,6,"Evermoon","ForTheAlliance",8460,8671,"Alliance"
"Manastorms",5,0,8,"Evermoon","",8455,12737,"Horde"
"Vanheimsgard",2,1,1,"Tauri","",8450,84867,"Horde"
"Erythromycin",10,1,9,"Evermoon","Redemption",8440,27836,"Horde"
"Carycasledzi",22,1,11,"Evermoon","Bekarty Przymierza",8425,55972,"Alliance"
"Marvenus",10,1,3,"Evermoon","",8425,11514,"Horde"
"Chokoeskate",1,0,2,"Evermoon","",8415,23517,"Alliance"
"Unstappable",2,0,1,"Tauri","",8410,69411,"Horde"
"Clionardo",1,0,8,"Tauri","",8410,57497,"Alliance"
"Merlinx",1,0,9,"Tauri","FD Szövetség",8405,59634,"Alliance"
"Archimeda",5,1,5,"Evermoon","",8400,24103,"Horde"
"Neophytë",5,1,5,"Tauri","",8385,106308,"Horde"
"Shädowarrow",4,1,3,"Evermoon","",8365,11923,"Alliance"
"Szempilla",11,1,7,"Evermoon","FallenAngels",8350,29565,"Alliance"
"Rambó",2,1,3,"Evermoon","",8350,5640,"Horde"
"Intervention",5,0,6,"Evermoon","Artificial Evolution",8340,29837,"Horde"
"ßoraßora",10,1,5,"Evermoon","",8340,26164,"Horde"
"Brugilda",2,1,9,"Evermoon","EL CARTEL DE AZEROTH",8340,2543,"Horde"
"Maiunagioia",8,0,7,"Evermoon","The Echoes",8335,13409,"Horde"
"Xiberia",1,0,9,"Tauri","Heaven Shall Burn",8330,121689,"Alliance"
"Viper",1,0,1,"Tauri","",8330,67794,"Alliance"
"Rëdfoo",1,0,2,"Tauri","Tauri All Stars",8325,85842,"Alliance"
"Touch",8,1,8,"Evermoon","Mage Trainer",8320,46748,"Horde"
"Archy",6,0,2,"Evermoon","Redemption",8320,9887,"Horde"
"Niecia",8,1,11,"Evermoon","Gwardia Dumbledora",8310,20881,"Horde"
"Pandashriek",25,0,10,"Evermoon","",8305,2858,"Alliance"
"Vanhouten",10,1,2,"Tauri","VlkaFenryka",8300,59146,"Horde"
"Whiskëy",1,0,1,"Tauri","Outlaws",8295,73774,"Alliance"
"Munipulation",10,1,2,"Evermoon","Impact",8295,7530,"Horde"
"Decelion",10,0,2,"Evermoon","",8280,4054,"Horde"
"Daissy",4,1,8,"Evermoon","",8275,95633,"Alliance"
"Thaedris",4,0,11,"Evermoon","Scarlet Crusade",8265,9672,"Alliance"
"Rasho",1,0,1,"Evermoon","",8260,97272,"Alliance"
"Einherjär",10,1,2,"Evermoon","Honey Badgers",8255,4194,"Horde"
"Greenpeacee",2,0,7,"Tauri","",8245,60511,"Horde"
"Baldurs",11,0,7,"Evermoon","",8240,9868,"Alliance"
"Nomel",4,0,11,"Evermoon","Celestial Summit",8230,27596,"Alliance"
"Wrathiøn",1,0,1,"Evermoon","Last Whisper",8225,27082,"Alliance"
"Gabeszur",5,0,9,"Tauri","",8215,64618,"Horde"
"Rokellthe",2,0,6,"Evermoon","Skill Issue",8205,703,"Horde"
"Vatras",1,0,2,"Evermoon","Kolónia",8195,3756,"Alliance"
"Arensznuphis",4,0,3,"Evermoon","",8190,11524,"Alliance"
"Helvetika",1,1,2,"Evermoon","Välhalla",8185,14730,"Alliance"
"Gigäßull",6,0,6,"Evermoon","",8180,21702,"Horde"
"Bloodyscene",10,1,2,"Evermoon","The Carnivorous Snigels",8180,14913,"Horde"
"Ninqueriliel",4,1,5,"Evermoon","Crows at Midnight",8165,13791,"Alliance"
"Yudißurst",8,1,5,"Evermoon","",8160,67197,"Horde"
"Garex",2,1,1,"Evermoon","ComebackGang",8150,15729,"Horde"
"Swähili",8,0,9,"Evermoon","",8135,11407,"Horde"
"Scantraxx",1,0,5,"Tauri","",8125,107096,"Alliance"
"Amorten",1,1,3,"Evermoon","",8120,41607,"Alliance"
"Hardbinger",2,0,1,"Tauri","Aljanépség",8105,77626,"Horde"
"Zeeynep",1,1,8,"Evermoon","",8105,22247,"Alliance"
"Inrage",2,1,6,"Evermoon","FORGOTTEN SHADOWS",8105,4279,"Horde"
"Nagypicsaju",1,1,4,"Tauri","Raids Before Grades",8100,133286,"Alliance"
"Chroné",10,1,1,"Tauri","",8090,150457,"Horde"
"Saiyajiin",4,0,4,"Tauri","Azeroth Hösei",8090,66248,"Alliance"
"Gladiatorius",10,0,2,"Evermoon","Redemption",8090,5216,"Horde"
"Akhen",2,1,7,"Evermoon","",8085,15819,"Horde"
"Failynn",26,1,3,"Evermoon","",8080,5112,"Horde"
"Clade",1,1,5,"Tauri","Tauri Kedvencei",8070,122671,"Alliance"
"Nvidiartx",10,0,2,"Evermoon","Quantum",8065,16575,"Horde"
"Ranii",10,1,6,"Evermoon","Titan",8060,5459,"Horde"
"Villamka",11,0,7,"Evermoon","",8050,88697,"Alliance"
"Cryptor",2,1,6,"Evermoon","NobleBlood",8050,40844,"Horde"
"Nebelhexe",10,1,8,"Tauri","Victorious Secret",8045,65435,"Horde"
"Tákle",1,1,2,"Evermoon","Soulflame Syndicate",8045,23422,"Alliance"
"Münchausen",6,0,6,"Evermoon","",8035,15776,"Horde"
"Herespally",10,0,2,"Evermoon","",8030,17128,"Horde"
"Epidemic",1,0,2,"Tauri","",8020,130055,"Alliance"
"Alillian",1,1,5,"Tauri","Brutal Fighter Team",8020,73558,"Alliance"
"Dabani",2,0,1,"Tauri","",8020,60324,"Horde"
"Därklord",1,1,2,"Evermoon","",8015,46884,"Alliance"
"Lacsy",1,1,5,"Evermoon","",8010,15152,"Alliance"
"Engalzer",10,1,2,"Evermoon","",8010,5319,"Horde"
"Wrathstorm",1,0,2,"Tauri","",8000,65107,"Alliance"
"Thelight",10,0,2,"Evermoon","Warlords of Destruction",7995,19391,"Horde"
"Wynardtage",10,1,2,"Evermoon","",7990,27451,"Horde"
"Salvatoris",10,0,2,"Evermoon","Redemption",7985,20910,"Horde"
"Inkwi",8,1,9,"Evermoon","",7975,7146,"Horde"
"Antidom",5,0,8,"Evermoon","",7965,31436,"Horde"
"Diezel",2,0,10,"Evermoon","",7965,9387,"Horde"
"Shamouss",3,0,7,"Evermoon","",7960,6240,"Alliance"
"Rowlinglol",2,0,3,"Tauri","Aljanépség",7955,265137,"Horde"
"Tomorroww",2,0,3,"Tauri","Moonlight Warriors",7955,235960,"Horde"
"Zikiro",1,0,8,"Tauri","",7950,76353,"Alliance"
"Kylan",10,1,5,"Tauri","",7945,77775,"Horde"
"Ragehof",2,0,1,"Evermoon","",7940,7329,"Horde"
"Venomspawn",8,0,5,"Tauri","",7935,170586,"Horde"
"Tikfing",10,0,2,"Tauri","",7935,102232,"Horde"
"Geny",1,0,4,"Tauri","",7925,109273,"Alliance"
"Lavaz",2,0,7,"Evermoon","Vistustan",7925,41069,"Horde"
"Iandromedai",1,1,1,"Evermoon","V A L H A L L A",7920,35691,"Alliance"
"Giajjen",1,1,4,"Tauri","Pandemonium",7915,58297,"Alliance"
"Devoted",1,0,3,"Evermoon","Luv",7915,34924,"Alliance"
"Mengeleehun",22,0,11,"Evermoon","",7910,7151,"Alliance"
"Sugy",25,0,1,"Evermoon","",7910,2273,"Alliance"
"Kroson",4,0,3,"Evermoon","",7905,67660,"Alliance"
"Undertakers",5,0,4,"Evermoon","Rosszcsontok",7905,9515,"Horde"
"Wintrade",1,1,1,"Evermoon","",7900,23716,"Alliance"
"Faketank",1,1,6,"Evermoon","",7895,19688,"Alliance"
"Boskönigt",5,0,4,"Tauri","",7890,58390,"Horde"
"Kaviin",10,0,3,"Tauri","Ex Mortis",7885,360636,"Horde"
"Nutcase",26,1,8,"Evermoon","HoldMyBeerAndWatchThis",7885,29138,"Horde"
"Komugy",4,1,3,"Evermoon","Revendreth",7875,34419,"Alliance"
"Jeruk",4,1,3,"Tauri","Kill Shot",7870,85952,"Alliance"
"Väny",1,1,2,"Tauri","",7850,57557,"Alliance"
"Solevae",8,1,7,"Evermoon","Despair",7850,842,"Horde"
"Nephilim",2,0,3,"Tauri","Resurrection",7835,62688,"Horde"
"Heracym",2,0,1,"Evermoon","",7835,12345,"Horde"
"Pariseta",8,1,8,"Evermoon","",7835,1881,"Horde"
"Korynna",11,1,7,"Tauri","",7820,179525,"Alliance"
"Одержимыйоде",5,0,8,"Tauri","Pirates of Azeroth",7820,68540,"Horde"
"Røckwell",6,0,11,"Evermoon","Outer Edges",7820,26970,"Horde"
"Tdoggydog",5,0,9,"Tauri","High Heavens",7810,149353,"Horde"
"Ranyo",1,1,2,"Evermoon","",7810,6205,"Alliance"
"Deathlotus",4,1,3,"Evermoon","Ace Of Spades",7810,2511,"Alliance"
"Aeno",10,0,6,"Evermoon","THE EARTH IS FLAT",7805,4366,"Horde"
"Emrah",1,0,8,"Evermoon","",7800,61458,"Alliance"
"Wintercool",26,1,10,"Evermoon","Incendia",7800,8058,"Horde"
"Meemphis",8,0,7,"Evermoon","Calamity",7790,3749,"Horde"
"Xtremhunter",10,0,3,"Tauri","The Exiles",7780,61048,"Horde"
"Happier",1,1,5,"Evermoon","Gucci Bank",7775,25052,"Alliance"
"Adoring",1,1,9,"Evermoon","Luv",7770,227513,"Alliance"
"Toons",5,0,1,"Tauri","",7770,125464,"Horde"
"Kalavun",4,0,3,"Tauri","Kings And Queens",7770,58706,"Alliance"
"Трубецкой",2,0,6,"Evermoon","",7770,22205,"Horde"
"Atdrum",22,0,5,"Evermoon","Yin Yang",7765,69415,"Alliance"
"Codixx",1,0,2,"Evermoon","New World Order",7765,19928,"Alliance"
"Yakusita",11,1,7,"Evermoon","Senior Club Hun",7755,380,"Alliance"
"Badlama",1,0,2,"Evermoon","",7750,37390,"Alliance"
"Whitecät",1,0,8,"Evermoon","",7740,58268,"Alliance"
"Sixtyninee",1,1,5,"Evermoon","Fekete Hold",7735,48228,"Alliance"
"Badthoughts",8,0,7,"Evermoon","Infinity Castle",7735,3764,"Horde"
"Swifters",2,1,1,"Evermoon","Calamity",7725,2432,"Horde"
"Unownable",11,0,7,"Tauri","Hammerite",7720,148556,"Alliance"
"Destromath",5,0,9,"Tauri","High Heavens",7720,130796,"Horde"
"Punishu",1,1,2,"Evermoon","",7720,10059,"Alliance"
"Rëläx",8,1,3,"Evermoon","Gypsy barbershop",7710,23807,"Horde"
"Authoritas",2,0,1,"Evermoon","Redemption",7705,18157,"Horde"
"Mordren",5,0,5,"Tauri","",7695,177830,"Horde"
"Zuzzó",1,0,1,"Evermoon","",7695,29786,"Alliance"
"Tomseleck",2,0,3,"Evermoon","",7695,8850,"Horde"
"Millkahh",6,0,6,"Evermoon","",7690,9919,"Horde"
"Käysä",8,1,11,"Evermoon","",7685,19944,"Horde"
"Isah",11,1,7,"Tauri","",7670,79692,"Alliance"
"Pokinca",8,1,11,"Evermoon","Rezes banda",7655,264,"Horde"
"Nommad",2,0,3,"Tauri","Tempest Of Chaos",7650,87739,"Horde"
"Sárkányszív",8,0,7,"Tauri","",7640,117204,"Horde"
"Zsiby",1,0,4,"Evermoon","",7640,37247,"Alliance"
"Flammie",7,0,9,"Evermoon","",7635,22144,"Alliance"
"Awaría",2,0,7,"Evermoon","Monkey Business",7630,64113,"Horde"
"Blazeshriek",8,1,8,"Evermoon","Quantum",7630,14510,"Horde"
"Jenss",8,0,11,"Evermoon","Redemption",7625,1192,"Horde"
"Detectorr",1,1,3,"Tauri","Legendary of the Azeroth",7615,59766,"Alliance"
"Osythhrium",10,0,2,"Evermoon","",7605,12152,"Horde"
"Fghjhjj",11,0,7,"Tauri","Ariella",7595,126945,"Alliance"
"Standwell",1,1,3,"Evermoon","Les Grands Cons d Or",7595,93682,"Alliance"
"Bravenorth",3,0,2,"Evermoon","Winterfall",7585,869,"Alliance"
"Angerfist",8,1,5,"Tauri","High Heavens",7580,245052,"Horde"
"Tanian",1,0,6,"Tauri","Barbár Vihar",7575,134797,"Alliance"
"Zoen",5,0,8,"Evermoon","Wanderers of Azeroth",7575,37945,"Horde"
"Rorhn",10,1,2,"Evermoon","",7565,21836,"Horde"
"Bonezoner",4,1,6,"Evermoon","wololo",7560,89118,"Alliance"
"Mcclane",1,0,2,"Tauri","",7560,65818,"Alliance"
"Detale",1,1,1,"Evermoon","",7560,20528,"Alliance"
"Därklédi",1,1,5,"Evermoon","Darkness Falls",7560,16225,"Alliance"
"Eleanoor",8,1,8,"Evermoon","HoldMyBeerAndWatchThis",7555,6321,"Horde"
"Smite",4,1,5,"Evermoon","Leviathan",7550,25053,"Alliance"
"Kold",1,0,2,"Evermoon","Leviathan",7550,24116,"Alliance"
"Trøllkaa",2,1,3,"Evermoon","Last Try",7545,55378,"Horde"
"Bessy",10,1,5,"Evermoon","Umbrella Corporation",7545,3840,"Horde"
"Ebonshriek",2,0,6,"Evermoon","Quantum",7540,37147,"Horde"
"Dkane",8,1,5,"Evermoon","",7540,6766,"Horde"
"Soulborn",1,0,2,"Evermoon","Inquisitors",7535,71321,"Alliance"
"Stronoff",2,0,1,"Evermoon","Punishers",7530,6205,"Horde"
"Csillagviräg",4,1,3,"Evermoon","",7530,5591,"Alliance"
"Hirudin",11,0,7,"Tauri","Toxic Souls",7520,128231,"Alliance"
"Steamhammær",3,0,7,"Evermoon","Reject Modernity",7520,20721,"Alliance"
"Erinti",1,1,8,"Evermoon","Red Dawn",7515,18928,"Alliance"
"Specialiista",1,0,6,"Evermoon","",7495,35582,"Alliance"
"Suyay",10,1,3,"Evermoon","Try Hard Team",7495,547,"Horde"
"Artisia",10,1,3,"Tauri","Vanquish",7490,69009,"Horde"
"Radha",5,1,1,"Evermoon","Oblivion",7485,60194,"Horde"
"Codcka",1,0,2,"Evermoon","Fekete Hold",7485,31369,"Alliance"
"Dialoyla",10,1,3,"Evermoon","Be Casual and Have Fun",7480,8193,"Horde"
"Breathing",1,1,5,"Tauri","DIVINlTY",7470,113532,"Alliance"
"Trollop",8,1,7,"Evermoon","Incendia",7460,1575,"Horde"
"Frenetîq",5,0,8,"Tauri","",7450,94855,"Horde"
"Stuii",2,0,3,"Evermoon","Horde of Hungary",7440,36230,"Horde"
"Swagiwnl",1,1,5,"Evermoon","",7435,18818,"Alliance"
"Mí",26,1,7,"Evermoon","Kamote",7435,11690,"Horde"
"Enflamed",10,1,8,"Evermoon","The Dark Exile",7430,4789,"Horde"
"Tyyra",1,1,6,"Tauri","Veterans of Destroyer",7425,111324,"Alliance"
"Waldhar",1,0,1,"Tauri","",7425,63433,"Alliance"
"Ottway",10,0,3,"Evermoon","Feláldozhatók",7425,61810,"Horde"
"Rugodlak",4,0,4,"Evermoon","Ace Of Spades",7425,55799,"Alliance"
"Mentastic",6,0,11,"Evermoon","",7415,1549,"Horde"
"Seiyaa",22,0,5,"Evermoon","Valor Lovers",7405,9715,"Alliance"
"Sztyupek",6,0,7,"Evermoon","",7400,32558,"Horde"
"Deadshøøt",1,0,3,"Evermoon","Yin Yang",7395,98046,"Alliance"
"Vyndrøn",10,0,3,"Evermoon","",7395,20614,"Horde"
"Zerxys",26,1,7,"Evermoon","Pálmafa",7390,21357,"Horde"
"Gppy",8,1,11,"Evermoon","Skill Issue",7385,22007,"Horde"
"Aigami",1,0,9,"Evermoon","Crows at Midnight",7380,9187,"Alliance"
"Kizimizi",1,1,6,"Evermoon","",7370,39773,"Alliance"
"Tømi",8,0,9,"Evermoon","Ninjas in Potatoes",7370,15009,"Horde"
"Swety",10,1,3,"Evermoon","ComebackGang",7360,94097,"Horde"
"Methh",1,0,3,"Evermoon","",7360,19998,"Alliance"
"Gehirn",1,0,2,"Tauri","",7350,103718,"Alliance"
"Kiscsikohal",6,0,11,"Tauri","High Heavens",7345,64108,"Horde"
"Unscripted",1,0,6,"Evermoon","RippeR",7340,30592,"Alliance"
"Nimryl",1,1,5,"Evermoon","",7340,21727,"Alliance"
"Chokoskt",1,1,8,"Evermoon","",7335,2536,"Alliance"
"Vargosz",4,0,11,"Evermoon","",7330,15443,"Alliance"
"Alexconarv",10,0,2,"Tauri","Serenity",7325,80558,"Horde"
"Sasobi",10,1,2,"Evermoon","Liminality",7310,20273,"Horde"
"Jakoska",1,1,2,"Tauri","Dharma",7295,116771,"Alliance"
"Mkninja",1,1,2,"Tauri","Wär Is the Answer",7295,73352,"Alliance"
"Vilmaa",10,1,5,"Tauri","",7295,70034,"Horde"
"Waleddk",1,0,6,"Evermoon","Knights",7295,3106,"Alliance"
"Numanuxna",5,1,9,"Evermoon","",7280,74590,"Horde"
"Maksim",4,1,3,"Tauri","CENZORED",7280,72968,"Alliance"
"Steleña",1,1,2,"Evermoon","Reject Modernity",7280,34433,"Alliance"
"Milkers",25,1,10,"Evermoon","",7280,26351,"Alliance"
"Electik",11,1,7,"Evermoon","Fekete Hold",7265,24711,"Alliance"
"Dotshammy",11,1,7,"Evermoon","",7265,24317,"Alliance"
"Soltec",2,0,6,"Tauri","GOD HACKED US",7260,77917,"Horde"
"Zazadude",8,0,11,"Evermoon","CannabisCountryClub",7260,32544,"Horde"
"Drøn",10,0,2,"Evermoon","",7255,20263,"Horde"
"Minikelth",8,0,7,"Evermoon","",7250,112661,"Horde"
"Fényßenjáró",1,1,4,"Evermoon","",7250,30197,"Alliance"
"Axra",4,1,8,"Evermoon","Test Drive",7250,14652,"Alliance"
"Villámvihar",11,0,7,"Evermoon","",7245,26139,"Alliance"
"Haitou",6,0,11,"Tauri","Spirits of Aldebaran",7240,66902,"Horde"
"Soulery",1,0,2,"Evermoon","",7235,8929,"Alliance"
"Génesis",1,1,5,"Evermoon","Ouroboros",7230,38582,"Alliance"
"Linnék",8,0,11,"Evermoon","Enter the Dream",7230,9731,"Horde"
"Pallass",6,0,11,"Tauri","Cradle",7205,74150,"Horde"
"Extraz",4,0,3,"Tauri","",7195,102136,"Alliance"
"Shämñ",8,1,7,"Evermoon","Sir Hamilton",7190,4050,"Horde"
"Megintdcqq",1,0,9,"Tauri","",7185,59155,"Alliance"
"Ladderpolice",1,1,5,"Evermoon","Crystal Castles",7185,49179,"Alliance"
"Monolink",1,0,1,"Evermoon","Storm of Vengeance",7185,13424,"Alliance"
"Tímber",10,1,5,"Evermoon","Aranytoll",7180,13699,"Horde"
"Aevitae",1,1,3,"Evermoon","",7175,6333,"Alliance"
"Búda",4,1,10,"Evermoon","Cara Máxima",7170,64545,"Alliance"
"Szépfa",6,0,11,"Tauri","",7165,104190,"Horde"
"Sion",10,1,10,"Evermoon","Vistustan",7160,32177,"Horde"
"Jeru",8,0,7,"Evermoon","Orgrimmar Raid Club",7160,13705,"Horde"
"Remeny",10,1,5,"Tauri","Suicidal lifestyle",7150,84218,"Horde"
"Zxro",10,1,6,"Evermoon","Endless",7150,1574,"Horde"
"Winshot",22,0,3,"Evermoon","Leviathan",7145,4474,"Alliance"
"Rendretesz",8,0,1,"Tauri","Orgrimmar Police Officer",7140,124491,"Horde"
"Turthesushi",8,0,9,"Evermoon","Spaghetti Stealers",7135,42357,"Horde"
"Wfg",2,1,1,"Evermoon","",7130,129136,"Horde"
"Chazaell",6,0,6,"Evermoon","Storm",7125,42002,"Horde"
"Kwindstein",3,0,3,"Tauri","",7120,133371,"Alliance"
"Picska",10,1,5,"Tauri","DisillusiØned",7120,81501,"Horde"
"Shadowtag",9,0,5,"Tauri","The Forgotten Horde",7120,66256,"Horde"
"Stonecrusher",6,0,1,"Tauri","Riders Of The Storm",7115,66164,"Horde"
"Herpew",10,1,5,"Tauri","Infernum",7110,105351,"Horde"
"Pokretni",8,0,7,"Tauri","",7110,72283,"Horde"
"Wørse",22,0,8,"Evermoon","Legionarios de Azeroth",7105,19140,"Alliance"
"Ellniss",10,1,5,"Tauri","",7095,101561,"Horde"
"Zaniä",8,1,11,"Evermoon","Pálmafa",7095,9763,"Horde"
"Memørys",22,0,1,"Evermoon","",7090,11948,"Alliance"
"Fonix",10,0,2,"Tauri","",7085,97907,"Horde"
"Riftcry",8,1,11,"Evermoon","",7080,5783,"Horde"
"Aisliing",1,1,3,"Evermoon","",7080,2245,"Alliance"
"Ecska",22,1,4,"Evermoon","Darkness Falls",7080,1567,"Alliance"
"Session",2,1,3,"Evermoon","Kawaii Pandas",7080,158,"Horde"
"Sinjänke",2,0,3,"Evermoon","",7060,53934,"Horde"
"Nukee",2,0,3,"Evermoon","",7060,7171,"Horde"
"Dunkelheit",5,0,5,"Tauri","",7050,60323,"Horde"
"Kaj",7,1,4,"Evermoon","",7045,20420,"Alliance"
"Alteclansing",4,1,5,"Tauri","",7035,59977,"Alliance"
"Lawita",1,1,8,"Evermoon","",7020,28660,"Alliance"
"Turinetwo",8,0,9,"Evermoon","Spaghetti Stealers",7020,24178,"Horde"
"Plothole",5,0,4,"Tauri","Eternal Gladiators",7005,76006,"Horde"
"Ponypala",11,1,2,"Evermoon","Crows at Midnight",7005,18198,"Alliance"
"Azuyori",11,1,7,"Tauri","",6995,61773,"Alliance"
"Lillianora",4,1,11,"Evermoon","",6985,19303,"Alliance"
"Gimgembre",10,0,2,"Evermoon","Les Gardiens Du Neant",6970,40799,"Horde"
"Kratøs",10,0,2,"Evermoon","",6970,3374,"Horde"
"Silysa",4,1,11,"Evermoon","La Voluntad del Gato",6965,31402,"Alliance"
"Winkler",10,0,2,"Tauri","High Heavens",6960,147981,"Horde"
"Ptomii",2,0,7,"Tauri","",6960,97070,"Horde"
"Nargorm",2,1,1,"Evermoon","Aurora",6960,28555,"Horde"
"Garrossh",2,0,1,"Evermoon","",6955,21566,"Horde"
"Rimmendáré",8,1,11,"Evermoon","",6955,19104,"Horde"
"Hootigh",5,0,8,"Evermoon","",6955,14033,"Horde"
"Braveblade",4,0,1,"Evermoon","Leviathan",6950,3906,"Alliance"
"Suprb",10,0,2,"Evermoon","",6945,23708,"Horde"
"Androvelol",10,0,5,"Evermoon","",6945,23690,"Horde"
"Saylius",2,0,3,"Evermoon","Czechoslovakia",6940,49494,"Horde"
"Shadowflint",5,0,5,"Evermoon","",6940,6321,"Horde"
"Lepkécskee",10,1,3,"Tauri","",6935,185004,"Horde"
"Denigrom",10,0,2,"Tauri","High Heavens",6935,112149,"Horde"
"Lethalbunny",10,1,8,"Evermoon","Resolve",6935,19661,"Horde"
"Hitkill",2,0,3,"Evermoon","BrazilianStorm",6935,859,"Horde"
"Nightfeaver",10,0,6,"Evermoon","",6930,6589,"Horde"
"Orgon",1,0,4,"Tauri","Fantasy Forever",6920,111978,"Alliance"
"Túroskuki",4,0,4,"Tauri","",6920,60178,"Alliance"
"Pocho",22,0,1,"Evermoon","Cruzada de Los Andes",6900,30957,"Alliance"
"Leana",10,1,2,"Evermoon","",6900,20913,"Horde"
"Daesiiny",11,1,7,"Evermoon","New World Order",6895,17619,"Alliance"
"Panpalini",4,0,3,"Tauri","Holy Sentinels",6890,121580,"Alliance"
"Beneficium",8,0,5,"Evermoon","",6880,11082,"Horde"
"Meghana",1,1,6,"Tauri","Toxic Souls",6850,66433,"Alliance"
"Oldballer",1,0,2,"Tauri","",6840,80849,"Alliance"
"Hangzui",2,0,3,"Tauri","You GoT TutOWND",6835,129200,"Horde"
"Päradiselost",1,0,2,"Evermoon","",6830,19506,"Alliance"
"Rottenflesh",5,0,1,"Evermoon","",6825,825,"Horde"
"Nyuszipogi",10,0,8,"Tauri","Conclusion",6810,84363,"Horde"
"Agip",10,1,4,"Tauri","Last brigade",6805,58032,"Horde"
"Júlia",10,1,2,"Tauri","The Untouchables",6800,242410,"Horde"
"Arcravne",1,1,8,"Evermoon","",6800,21830,"Alliance"
"Darksmog",10,0,6,"Evermoon","Blakk",6800,10490,"Horde"
"Mänyee",1,0,2,"Tauri","Dontt Cc Me Brah",6785,102868,"Alliance"
"Fehezhap",10,0,1,"Evermoon","",6785,19755,"Horde"
"Nuthin",5,0,4,"Evermoon","Spirits of Elune",6775,12349,"Horde"
"Arlenne",1,1,6,"Evermoon","Dusk",6770,39743,"Alliance"
"Magdalenaa",22,1,3,"Evermoon","Red Moon Rising",6770,762,"Alliance"
"Blackbikia",2,0,3,"Tauri","Spellbook Clickers",6765,107702,"Horde"
"Necrøtoxin",2,1,4,"Evermoon","",6765,10220,"Horde"
"Elrothien",10,1,5,"Tauri","The Exiles",6760,94337,"Horde"
"Sergiioo",1,0,5,"Evermoon","",6760,2996,"Alliance"
"Zugorim",8,0,11,"Evermoon","",6750,19278,"Horde"
"Slania",10,1,2,"Tauri","",6745,142863,"Horde"
"Darchy",4,1,11,"Tauri","",6745,63756,"Alliance"
"Cryptonx",2,0,1,"Evermoon","",6740,1388,"Horde"
"Garatan",4,0,11,"Evermoon","Nice day for fishing",6735,36072,"Alliance"
"Salvotor",10,0,2,"Evermoon","",6710,4130,"Horde"
"Holakringer",10,0,2,"Evermoon","",6705,1988,"Horde"
"Wamira",1,1,5,"Tauri","Táncosokkal Farkaló",6690,98612,"Alliance"
"Rysha",11,1,7,"Evermoon","New World Order",6690,3782,"Alliance"
"Tuckle",11,0,7,"Tauri","",6685,58222,"Alliance"
"Selgorm",1,0,1,"Evermoon","Scarlet Crusade",6685,19219,"Alliance"
"Hølochan",8,1,5,"Evermoon","IZOMGERENDA KFT",6680,18480,"Horde"
"Prekrasny",1,1,8,"Tauri","",6675,113388,"Alliance"
"Daddykelth",2,0,1,"Evermoon","",6665,20527,"Horde"
"Glitter",10,1,6,"Evermoon","Titan",6660,7694,"Horde"
"Antilamas",1,0,2,"Tauri","Barbár Vihar",6655,241782,"Alliance"
"Neddy",10,1,1,"Tauri","High Heavens",6635,65180,"Horde"
"Artìm",8,0,11,"Evermoon","",6635,37850,"Horde"
"Utherv",1,0,2,"Evermoon","Yin Yang",6635,28405,"Alliance"
"Duskybite",22,0,1,"Evermoon","",6635,14467,"Alliance"
"Pluckky",11,1,5,"Evermoon","Taylors Version",6630,12742,"Alliance"
"Iluan",11,1,6,"Evermoon","",6625,32159,"Alliance"
"Miniferäl",8,1,11,"Evermoon","",6620,1639,"Horde"
"Zooba",8,1,11,"Evermoon","Kamote",6615,18492,"Horde"
"Junglex",1,1,3,"Evermoon","",6610,14839,"Alliance"
"Shadøwspy",5,0,4,"Tauri","GOD HACKED US",6595,68313,"Horde"
"Trashcan",1,0,2,"Tauri","Hammerite",6590,259957,"Alliance"
"Bobirella",11,1,10,"Evermoon","Days Of Wonder",6590,35112,"Alliance"
"Greenspirit",4,0,5,"Tauri","CENZORED",6585,117366,"Alliance"
"Pakhet",8,1,3,"Evermoon","Redemption",6585,25821,"Horde"
"Kisdog",1,0,2,"Tauri","Struggle for your life",6580,68971,"Alliance"
"Kisslaller",10,0,4,"Evermoon","",6580,19393,"Horde"
"Thisissasha",5,0,5,"Tauri","",6575,69609,"Horde"
"Tkleaf",11,1,7,"Evermoon","Crows at Midnight",6560,2053,"Alliance"
"Jaiime",10,0,2,"Evermoon","Kawaii Pandas",6555,26837,"Horde"
"Akk",9,0,3,"Evermoon","Meet Your Makers II",6550,14845,"Horde"
"Walthari",1,0,1,"Tauri","Hammerite",6545,76881,"Alliance"
"Radir",2,0,1,"Tauri","Best of The Best",6525,91217,"Horde"
"Spiritarrow",10,1,3,"Tauri","",6525,70426,"Horde"
"Nayiom",1,1,3,"Evermoon","",6525,59064,"Alliance"
"Agrabay",1,0,3,"Tauri","",6520,147715,"Alliance"
"Palky",10,0,2,"Evermoon","",6510,49484,"Horde"
"Hidatoshy",2,1,1,"Evermoon","",6510,6869,"Horde"
"Deeyjk",2,1,6,"Evermoon","Storm",6510,6421,"Horde"
"Odilian",1,1,8,"Tauri","XoXo MewMew XoXo",6505,113095,"Alliance"
"Attis",1,0,2,"Tauri","Midnight",6495,91154,"Alliance"
"Denym",1,0,2,"Tauri","Reborn of Aegis",6495,58796,"Alliance"
"Batmonkey",1,0,2,"Evermoon","Best Random Group",6485,4323,"Alliance"
"Piftabácsi",1,0,2,"Evermoon","Celestial Summit",6480,11430,"Alliance"
"Mariyah",1,1,4,"Evermoon","",6475,38958,"Alliance"
"Töhànk",6,0,11,"Evermoon","",6475,17557,"Horde"
"Pläyer",4,0,3,"Evermoon","",6470,27145,"Alliance"
"Ég",4,1,11,"Evermoon","",6450,2711,"Alliance"
"Hamvaspina",10,1,3,"Evermoon","Rosszcsontok",6435,23187,"Horde"
"Gerris",5,0,8,"Tauri","",6420,61224,"Horde"
"Bruteforce",2,0,1,"Evermoon","Kawaii Pandas",6410,98042,"Horde"
"Streethfight",2,0,6,"Tauri","Riders Of The Storm",6405,90118,"Horde"
"Murlon",1,0,1,"Evermoon","Fekete Hold",6405,1515,"Alliance"
"Belzébuth",5,0,8,"Evermoon","Vision of Damnation",6390,29743,"Horde"
"Ifernoian",8,1,7,"Evermoon","Incendia",6385,777,"Horde"
"Zrxd",1,0,9,"Evermoon","",6380,18858,"Alliance"
"Kurtarne",4,0,3,"Evermoon","Days Of Wonder",6375,55333,"Alliance"
"Navoc",8,1,8,"Evermoon","",6375,54989,"Horde"
"Sampleqq",1,1,8,"Tauri","",6365,79217,"Alliance"
"Wëëdøtwo",8,1,11,"Evermoon","",6365,37869,"Horde"
"Ccatlyne",1,1,8,"Evermoon","",6365,7262,"Alliance"
"Zyndrax",4,1,11,"Evermoon","",6350,77621,"Alliance"
"Corsopapa",4,1,11,"Evermoon","Thunder",6350,27769,"Alliance"
"Eraendil",1,0,8,"Evermoon","",6345,37827,"Alliance"
"Parisetta",10,1,5,"Evermoon","",6345,8835,"Horde"
"Vírus",1,0,6,"Tauri","Killepitsch",6340,173151,"Alliance"
"Kägøme",1,1,5,"Tauri","THUG LIFE",6340,68286,"Alliance"
"Solazir",2,0,1,"Evermoon","Skorpiók",6335,7366,"Horde"
"Ethol",11,1,7,"Tauri","",6325,105348,"Alliance"
"Kazes",4,0,3,"Tauri","",6325,64001,"Alliance"
"Volkam",9,0,7,"Evermoon","",6325,24247,"Horde"
"Lurkó",11,0,3,"Tauri","Champion of Alliance",6320,108573,"Alliance"
"Thrukar",2,0,1,"Evermoon","Sentinel",6310,25203,"Horde"
"Archform",8,0,11,"Evermoon","Skorpiók",6310,4129,"Horde"
"Rfninja",1,1,8,"Tauri","Wär Is the Answer",6305,82191,"Alliance"
"Cybar",1,0,1,"Tauri","",6300,59095,"Alliance"
"Smesh",5,0,9,"Evermoon","",6300,1094,"Horde"
"Elendril",8,1,3,"Evermoon","Pantheon",6290,26153,"Horde"
"Treyxy",1,1,2,"Evermoon","",6285,28197,"Alliance"
"Szoszika",1,0,2,"Tauri","No Problem",6280,112372,"Alliance"
"Crf",1,0,4,"Tauri","",6275,68875,"Alliance"
"Druo",10,0,2,"Tauri","",6270,69189,"Horde"
"Heawen",4,1,11,"Evermoon","",6265,10513,"Alliance"
"Rabererik",5,0,9,"Tauri","",6250,112747,"Horde"
"Dubblëbubblë",1,0,2,"Tauri","HellRaiders",6250,64140,"Alliance"
"Angström",3,0,7,"Evermoon","",6250,24308,"Alliance"
"Gailia",10,1,2,"Evermoon","",6250,21412,"Horde"
"Bonehoof",6,0,3,"Evermoon","Holy Crusaders",6245,20579,"Horde"
"Neayo",1,0,3,"Evermoon","Fekete Hold",6235,29889,"Alliance"
"Melïødas",8,1,5,"Evermoon","",6235,19638,"Horde"
"Kodeintigris",10,0,2,"Evermoon","",6235,11105,"Horde"
"Nájtmare",11,1,7,"Tauri","Toxic Souls",6230,173125,"Alliance"
"Helytarto",4,1,11,"Tauri","Tired Veterans",6225,76937,"Alliance"
"Bulettproof",6,0,11,"Tauri","High Heavens",6205,273786,"Horde"
"Tentacletits",11,1,7,"Evermoon","Ace Of Spades",6205,22918,"Alliance"
"Telandor",10,0,6,"Tauri","Moonlight Warriors",6200,67089,"Horde"
"Guldansfury",8,0,9,"Evermoon","Feláldozhatók",6200,19515,"Horde"
"Zouzounel",4,1,11,"Evermoon","Fovou tous Ellines",6190,51291,"Alliance"
"Daan",11,1,7,"Tauri","",6180,75637,"Alliance"
"Päyne",10,1,8,"Evermoon","",6180,52362,"Horde"
"Shøww",2,0,1,"Evermoon","Rycerze Ortalionu",6170,48857,"Horde"
"Sevenzica",2,0,1,"Evermoon","",6170,35813,"Horde"
"Fendi",8,1,5,"Evermoon","Vitality",6160,7261,"Horde"
"Percutiat",22,1,5,"Evermoon","",6155,29751,"Alliance"
"Redsky",2,0,3,"Evermoon","",6155,21957,"Horde"
"Koito",8,1,4,"Evermoon","trololo",6155,2709,"Horde"
"Fobi",4,0,3,"Tauri","TOTAL ANNIHILATION",6135,112058,"Alliance"
"Purplehaze",1,0,6,"Tauri","CENZORED",6135,109559,"Alliance"
"Necrosis",1,0,6,"Tauri","",6135,63643,"Alliance"
"Elisafan",3,1,5,"Evermoon","Days Of Wonder",6135,44467,"Alliance"
"Qayb",11,1,7,"Evermoon","",6130,75575,"Alliance"
"Azariah",8,1,11,"Evermoon","",6130,19226,"Horde"
"Chakal",1,0,1,"Tauri","The Bloodthirsty",6125,85535,"Alliance"
"Kutt",11,0,7,"Evermoon","Tribunes of the Light",6125,43602,"Alliance"
"Gitta",10,1,6,"Evermoon","GET REKT DUDE",6120,20545,"Horde"
"Priccprocc",8,0,8,"Evermoon","Rosszcsontok",6115,51466,"Horde"
"Magizter",1,0,8,"Evermoon","",6115,41763,"Alliance"
"Wormold",4,0,1,"Evermoon","",6115,16067,"Alliance"
"Mizikizi",4,1,3,"Evermoon","Chimken and the Nuggies",6110,33990,"Alliance"
"Fasteddie",8,0,1,"Evermoon","Resolve",6110,23502,"Horde"
"Ralley",4,0,10,"Evermoon","",6100,24813,"Alliance"
"Juanshot",2,1,3,"Evermoon","fevecerose",6100,22546,"Horde"
"Timex",22,1,5,"Evermoon","Leviathan",6090,10914,"Alliance"
"Pitz",2,0,10,"Evermoon","",6090,1765,"Horde"
"Espionage",1,0,2,"Evermoon","Innkeepers",6090,1678,"Alliance"
"Chronson",6,0,3,"Tauri","Midnight Moon",6080,87502,"Horde"
"Necrøwall",1,0,6,"Evermoon","",6075,13298,"Alliance"
"Iämlëgënd",1,0,5,"Evermoon","I Unión  Esencial I   ",6065,57555,"Alliance"
"Mariri",3,0,6,"Evermoon","Logic",6060,66183,"Alliance"
"Nerelon",10,0,6,"Evermoon","",6055,29266,"Horde"
"Blockmage",1,0,8,"Evermoon","",6055,20395,"Alliance"
"Laanar",1,1,1,"Tauri","Twink of the Alliance",6050,89110,"Alliance"
"Sßlarck",1,0,6,"Evermoon","",6040,28063,"Alliance"
"Meleecm",1,1,8,"Evermoon","Farming is ALL we do",6005,9397,"Alliance"
"Solarbumm",8,0,11,"Evermoon","Blakk",6005,3464,"Horde"
"Trieckee",6,0,2,"Evermoon","Miracle",6005,456,"Horde"
"Tyreal",1,0,1,"Tauri","",6000,109527,"Alliance"
"Badcät",8,0,11,"Evermoon","Wipes on Tresh",5995,31846,"Horde"
"Deathlessi",11,0,7,"Tauri","Tauri All Stars",5990,79839,"Alliance"
"Blastrøyer",2,0,7,"Tauri","",5990,62607,"Horde"
"Donpingv",4,0,1,"Evermoon","",5990,46551,"Alliance"
"Riva",2,0,1,"Evermoon","",5990,4962,"Horde"
"Rammpage",22,0,1,"Evermoon","",5990,1402,"Alliance"
"Sanax",4,0,3,"Tauri","Táncosokkal Farkaló",5985,150854,"Alliance"
"Detoxicall",1,0,2,"Tauri","War Is The Answer",5985,63376,"Alliance"
"Caberg",1,0,4,"Tauri","Sanctimonious",5985,59039,"Alliance"
"Blackafghan",7,0,8,"Tauri","CENZORED",5980,111490,"Alliance"
"Ariston",1,0,2,"Tauri","CENZORED",5980,72845,"Alliance"
"Ohnezucker",10,1,2,"Tauri","",5980,66426,"Horde"
"Sultik",8,0,9,"Evermoon","Incendia",5980,30008,"Horde"
"Moonlita",22,1,11,"Evermoon","Draconis",5975,45060,"Alliance"
"Wildshot",2,1,3,"Evermoon","ADHD",5970,22030,"Horde"
"Skanell",10,0,5,"Evermoon","Alighasznált Perverzek",5970,18720,"Horde"
"Preme",1,1,5,"Tauri","The Bloodthirsty",5965,59523,"Alliance"
"Yanet",1,1,3,"Evermoon","Arco Latinos",5965,20788,"Alliance"
"Dragonmami",10,1,2,"Evermoon","YEW R NOT REPAIRED",5960,29447,"Horde"
"Swar",1,0,9,"Evermoon","Gold II",5950,22496,"Alliance"
"Sanctimonia",1,0,2,"Tauri","Hammerite",5940,100541,"Alliance"
"Gonzo",1,0,2,"Tauri","",5940,86090,"Alliance"
"Swen",1,0,1,"Tauri","Reunited",5940,71408,"Alliance"
"Szoniia",6,1,11,"Evermoon","Sentinel",5935,5665,"Horde"
"Havas",1,0,1,"Tauri","",5920,87020,"Alliance"
"Xedora",1,1,8,"Evermoon","",5920,48205,"Alliance"
"Elizaßeth",10,1,8,"Evermoon","",5920,28931,"Horde"
"Paranyica",10,1,2,"Evermoon","",5900,24785,"Horde"
"Jassandrina",1,1,5,"Tauri","Necropolis",5890,82404,"Alliance"
"Vitral",22,0,8,"Tauri","",5885,82528,"Alliance"
"Auron",1,0,1,"Tauri","",5875,72206,"Alliance"
"Anaxunamoune",10,1,2,"Evermoon","",5875,25279,"Horde"
"Demonkill",10,0,2,"Tauri","The Dark Eagles",5870,63346,"Horde"
"Simpforai",11,1,8,"Evermoon","Astral Walkers",5870,30796,"Alliance"
"Sliski",4,1,11,"Evermoon","Riders of Apocalypse",5870,13710,"Alliance"
"Grindelvald",5,0,8,"Evermoon","Miracle",5860,25538,"Horde"
"Thyyrz",1,0,9,"Tauri","",5855,78353,"Alliance"
"Köttinger",3,0,1,"Tauri","",5850,146339,"Alliance"
"Snapsleek",10,1,2,"Tauri","Infernum",5850,124654,"Horde"
"Sivatagiròka",1,0,2,"Evermoon","Scream of Silence",5850,65331,"Alliance"
"Real",11,1,2,"Tauri","Phoenix Of The Alliance",5850,60915,"Alliance"
"Blondi",1,1,2,"Tauri","Servants of God",5845,98539,"Alliance"
"Schlepphoden",7,0,4,"Evermoon","DasLegat",5845,18370,"Alliance"
"Живодёр",2,0,3,"Evermoon","Искатели легенд",5840,27428,"Horde"
"Zisox",1,0,5,"Evermoon","New World Order",5840,24115,"Alliance"
"Innoss",1,0,1,"Tauri","",5835,60104,"Alliance"
"Verald",2,0,3,"Evermoon","BanShees Killers",5830,20204,"Horde"
"Enyimé",10,0,5,"Tauri","",5820,142597,"Horde"
"Anais",10,1,9,"Evermoon","Back Legion",5815,52308,"Horde"
"Pròphet",6,0,2,"Evermoon","Kawaii Pandas",5810,7631,"Horde"
"Besnopilesrb",2,1,3,"Evermoon","",5805,9886,"Horde"
"Silket",4,1,4,"Tauri","Angel Rune",5800,62235,"Alliance"
"Hitemup",5,0,4,"Tauri","Chøwder",5775,63628,"Horde"
"Kvynni",6,0,7,"Tauri","",5765,67105,"Horde"
"Deathkult",1,0,6,"Evermoon","",5765,23664,"Alliance"
"Muyfeo",1,0,1,"Evermoon","Välhalla",5760,32584,"Alliance"
"Mosfet",1,0,3,"Evermoon","Offline",5750,30492,"Alliance"
"Belén",10,1,5,"Evermoon","Exodus",5740,18418,"Horde"
"Zöldhalál",5,0,8,"Tauri","High Heavens",5735,80204,"Horde"
"Lupastic",9,0,9,"Evermoon","Shadow Hunters",5715,48816,"Horde"
"Shudii",8,0,7,"Evermoon","Nexxus",5715,9279,"Horde"
"Leguariane",4,0,6,"Evermoon","",5710,27589,"Alliance"
"Inragê",10,1,2,"Evermoon","",5710,20367,"Horde"
"Hencym",8,1,8,"Evermoon","",5710,19487,"Horde"
"Viljar",4,0,11,"Evermoon","Days Of Wonder",5695,48421,"Alliance"
"Stevenash",1,0,6,"Evermoon","",5695,41072,"Alliance"
"Renzør",7,0,1,"Evermoon","",5685,36589,"Alliance"
"Vermesy",1,1,8,"Evermoon","",5685,19018,"Alliance"
"Dévi",5,1,9,"Evermoon","Fallen",5670,19442,"Horde"
"Vinon",1,1,2,"Evermoon","Brodate Drzewa",5670,8431,"Alliance"
"Intoxicatin",4,1,11,"Evermoon","",5665,5405,"Alliance"
"Prophet",10,0,2,"Evermoon","Kawaii Pandas",5645,667,"Horde"
"Jippy",1,0,4,"Evermoon","Logic",5640,12763,"Alliance"
"Shocc",8,0,7,"Tauri","",5630,31616,"Horde"
"Höek",8,0,5,"Tauri","",5620,59817,"Horde"
"Pörrin",3,0,3,"Evermoon","",5620,18513,"Alliance"
"Klorell",11,0,7,"Tauri","",5615,105608,"Alliance"
"Nofuture",8,1,11,"Evermoon","",5615,12144,"Horde"
"Shadowkiss",10,0,4,"Evermoon","Искатели легенд",5605,51833,"Horde"
"Kyp",5,0,9,"Tauri","NeoGenesis",5600,59329,"Horde"
"Coreytaylor",10,0,6,"Evermoon","Rosszcsontok",5600,19081,"Horde"
"Reburn",1,1,8,"Evermoon","Defiance",5595,29939,"Alliance"
"Foltis",7,1,8,"Evermoon","",5590,34096,"Alliance"
"Gabirevol",1,1,2,"Tauri","",5585,184788,"Alliance"
"Arixith",3,1,7,"Tauri","",5585,78937,"Alliance"
"Xntpõctb",5,0,4,"Evermoon","",5570,21623,"Horde"
"Dzsamuna",6,0,2,"Evermoon","",5555,88085,"Horde"
"Honada",1,0,8,"Tauri","Everyone for Everyone",5555,61067,"Alliance"
"Anomalies",4,1,11,"Evermoon","",5550,98140,"Alliance"
"Doktorplague",5,0,5,"Evermoon","",5545,19455,"Horde"
"Italia",10,1,3,"Evermoon","MalvekeTeam",5545,4392,"Horde"
"Gvedi",2,1,1,"Evermoon","",5525,29514,"Horde"
"Kubbzy",22,0,8,"Evermoon","",5525,7493,"Alliance"
"Signumcrucis",1,0,9,"Evermoon","",5515,49864,"Alliance"
"Vaksötét",4,0,5,"Evermoon","Aversion",5505,1676,"Alliance"
"Hanahary",10,1,1,"Tauri","",5490,97769,"Horde"
"Philipposz",1,0,2,"Tauri","Necropolis",5480,67929,"Alliance"
"Mythíc",1,1,2,"Evermoon","Defiance",5475,34197,"Alliance"
"Bülbá",1,1,2,"Tauri","Erdélyi Pálinkások",5455,95381,"Alliance"
"Misztadoc",1,0,5,"Evermoon","",5450,30206,"Alliance"
"Mxngxl",2,1,6,"Evermoon","",5450,28508,"Horde"
"Sushichi",26,1,10,"Evermoon","Spaghetti Stealers",5445,31771,"Horde"
"Galexxy",2,1,7,"Evermoon","Pálmafa",5445,4172,"Horde"
"Aríá",1,1,9,"Evermoon","Savages",5430,162477,"Alliance"
"Nájki",4,1,6,"Tauri","",5425,64589,"Alliance"
"Cazadark",1,0,3,"Evermoon","Agencia de Queso Murloc",5420,19966,"Alliance"
"Omniblue",1,1,5,"Evermoon","wololo",5415,23999,"Alliance"
"Iraqbombed",1,1,9,"Evermoon","",5405,19259,"Alliance"
"Gankerz",4,1,3,"Evermoon","",5390,19145,"Alliance"
"Badabumchaos",1,1,9,"Tauri","",5385,61777,"Alliance"
"Lifeblom",6,0,11,"Evermoon","Nexxus",5385,34121,"Horde"
"Gipsypuki",1,1,3,"Tauri","",5375,84096,"Alliance"
"Ascendens",8,0,7,"Evermoon","",5375,45250,"Horde"
"Ihatecc",22,0,8,"Evermoon","Valor Lovers",5365,23935,"Alliance"
"Leanne",8,1,11,"Evermoon","Reign",5365,141,"Horde"
"Scarfäcë",2,0,7,"Tauri","",5360,60780,"Horde"
"Placsni",1,1,2,"Evermoon","The Tempest",5360,33493,"Alliance"
"Steffe",4,0,6,"Evermoon","",5355,62524,"Alliance"
"Infinita",8,1,11,"Evermoon","",5355,27782,"Horde"
"Lifepush",25,0,7,"Evermoon","Criminals",5350,73007,"Alliance"
"Darmias",5,0,5,"Tauri","",5345,79321,"Horde"
"Greenlung",5,1,5,"Evermoon","Wanderers of Azeroth",5340,27881,"Horde"
"Lianidra",1,1,2,"Evermoon","",5330,25386,"Alliance"
"Maveliann",4,0,11,"Evermoon","Tempest",5320,49101,"Alliance"
"Demonass",1,1,8,"Evermoon","",5320,21902,"Alliance"
"Shadowxd",2,0,3,"Tauri","",5315,58473,"Horde"
"Dulldrop",8,1,11,"Evermoon","Wanderers of Azeroth",5315,25463,"Horde"
"Rewizo",5,0,8,"Evermoon","Crusade",5310,24828,"Horde"
"Curzør",6,0,11,"Evermoon","HUNGARYmorek",5305,23580,"Horde"
"Harcikanca",10,1,2,"Evermoon","",5290,8632,"Horde"
"Letrik",2,0,7,"Evermoon","",5280,41090,"Horde"
"Papejman",1,0,9,"Evermoon","",5275,36418,"Alliance"
"Cruppa",5,0,9,"Evermoon","",5270,72876,"Horde"
"Harton",1,0,3,"Evermoon","",5270,68189,"Alliance"
"Cataclýsm",6,0,2,"Evermoon","",5270,39707,"Horde"
"Showmen",22,0,11,"Evermoon","Maleficent Tea Party",5270,32487,"Alliance"
"Halvér",5,0,1,"Evermoon","",5270,1859,"Horde"
"Elassy",4,0,3,"Tauri","Exemplar",5260,58760,"Alliance"
"Noisivdam",1,1,1,"Evermoon","Offline",5255,26370,"Alliance"
"Vision",1,1,5,"Tauri","",5250,139069,"Alliance"
"Aashimah",10,0,6,"Tauri","A Galaxis Örzöi",5245,65863,"Horde"
"Guarta",6,0,11,"Evermoon","Quantum",5240,27598,"Horde"
"Yezyx",1,1,8,"Tauri","",5230,67004,"Alliance"
"Mexyy",22,1,4,"Evermoon","Redemption",5230,29492,"Alliance"
"Malagor",10,0,2,"Evermoon","Ancient Celestials",5230,25506,"Horde"
"Tantalos",8,0,3,"Tauri","Skill and Speed",5225,58044,"Horde"
"Progèria",11,1,7,"Evermoon","Far Beyond Insanity",5215,47239,"Alliance"
"Soulhisc",2,0,7,"Evermoon","",5215,24665,"Horde"
"Everyst",8,1,5,"Evermoon","Incendia",5215,21243,"Horde"
"Gashira",26,1,1,"Evermoon","Kawaii Pandas",5210,3681,"Horde"
"Huzott",1,0,2,"Tauri","RelaxBroImPro",5200,66368,"Alliance"
"Decretum",2,0,7,"Tauri","Serenity",5185,98902,"Horde"
"Dash",4,0,11,"Evermoon","",5185,28264,"Alliance"
"Worried",5,0,9,"Evermoon","S A R M A",5185,27630,"Horde"
"Imbah",1,0,4,"Evermoon","",5180,21085,"Alliance"
"Lamellroon",4,0,11,"Evermoon","La Cruzada Escarlata",5170,13340,"Alliance"
"Drakonic",4,0,3,"Evermoon","",5150,20084,"Alliance"
"Loroleth",1,1,6,"Tauri","Nonsense",5145,71075,"Alliance"
"Rosefire",10,1,2,"Evermoon","",5145,19249,"Horde"
"Ilovelily",4,1,11,"Evermoon","Crystal Castles",5140,27472,"Alliance"
"Isabell",1,1,5,"Tauri","",5135,83656,"Alliance"
"Dotmage",8,0,8,"Evermoon","Competence Optional",5135,40396,"Horde"
"Disck",8,1,5,"Evermoon","Rosszcsontok",5135,27186,"Horde"
"Arako",26,0,7,"Evermoon","Искатели легенд",5125,633,"Horde"
"Mysterx",5,0,9,"Tauri","HollowKnights",5120,59997,"Horde"
"Drettor",2,0,1,"Evermoon","",5120,52942,"Horde"
"Torgunn",1,1,2,"Evermoon","Days Of Wonder",5115,33791,"Alliance"
"Soft",25,1,7,"Evermoon","",5100,31248,"Alliance"
"Xstar",1,1,8,"Evermoon","Penguin Mafia",5095,37016,"Alliance"
"Vars",1,0,9,"Tauri","Tauri Kedvencei",5090,79999,"Alliance"
"Galosz",11,0,1,"Tauri","Wrath of the Faithless",5090,57966,"Alliance"
"Nasure",8,1,11,"Evermoon","Искатели легенд",5090,31496,"Horde"
"Sungo",2,0,6,"Tauri","",5085,104899,"Horde"
"Makicaa",1,1,4,"Evermoon","",5085,48425,"Alliance"
"Noysypow",26,0,4,"Evermoon","",5085,27405,"Horde"
"Mirian",10,1,5,"Tauri","Moonlight Warriors",5060,107980,"Horde"
"Gäladiator",2,1,3,"Evermoon","",5060,22282,"Horde"
"Undebach",6,0,1,"Tauri","Das Ist Undebach",5055,89871,"Horde"
"Eversio",1,1,5,"Evermoon","Offline",5055,82871,"Alliance"
"Quodãn",5,0,8,"Evermoon","",5055,41373,"Horde"
"Väldanis",10,1,5,"Evermoon","Liminality",5055,31289,"Horde"
"Yaarr",4,0,11,"Evermoon","Azeroth Champions",5050,48970,"Alliance"
"Xzibbit",8,0,8,"Evermoon","GiurgiuvensHr",5045,796,"Horde"
"Liangel",1,1,5,"Evermoon","Yin Yang",5040,100144,"Alliance"
"Elmashombre",1,0,4,"Evermoon","Yin Yang",5035,72624,"Alliance"
"Discrimináns",1,1,5,"Evermoon","",5035,47828,"Alliance"
"Fayre",1,1,4,"Evermoon","",5035,20230,"Alliance"
"Shadowroug",5,0,4,"Evermoon","The Twilight Horde",5030,110567,"Horde"
"Ølððøøm",10,1,3,"Evermoon","Искатели легенд",5030,35929,"Horde"
"Skannell",5,0,8,"Evermoon","Alighasznált Perverzek",5025,22045,"Horde"
"Jawadin",1,1,2,"Evermoon","",5015,22070,"Alliance"
"Raenarys",10,1,2,"Evermoon","",5015,16319,"Horde"
"Danyhk",8,0,10,"Evermoon","Skill Issue",5005,2151,"Horde"
"Cawkpunchx",8,0,3,"Evermoon","",4995,36934,"Horde"
"Чфч",1,1,5,"Evermoon","Fekete Hold",4990,22563,"Alliance"
"Victorya",1,1,8,"Tauri","Soldiers of Moon",4985,113160,"Alliance"
"Shapestalker",4,1,11,"Tauri","",4970,80128,"Alliance"
"Jinzornka",1,1,1,"Evermoon","",4970,18801,"Alliance"
"Entrails",10,1,4,"Evermoon","",4965,19691,"Horde"
"Priony",10,0,5,"Tauri","For Quel Thalas",4950,66475,"Horde"
"Gantz",10,0,2,"Tauri","",4950,66208,"Horde"
"Jackares",22,1,3,"Evermoon","",4950,46330,"Alliance"
"Draxin",9,1,7,"Evermoon","Monkey Business",4950,31626,"Horde"
"Razielka",1,0,9,"Evermoon","",4935,29823,"Alliance"
"Babybby",10,0,4,"Evermoon","BabyBaby",4935,18821,"Horde"
"Blackridge",2,1,4,"Evermoon","Last Try",4925,22505,"Horde"
"Spalax",10,0,4,"Evermoon","Dancing Steel",4920,27643,"Horde"
"Ihoshin",22,0,6,"Evermoon","Revendreth",4905,38277,"Alliance"
"Tropik",5,0,4,"Evermoon","",4905,13659,"Horde"
"Meloetta",8,1,8,"Evermoon","Unicorns",4900,1284,"Horde"
"Xnumberone",5,0,8,"Tauri","GOD HACKED US",4875,65735,"Horde"
"Xengu",8,0,11,"Evermoon","",4865,37104,"Horde"
"Végzett",4,0,11,"Tauri","",4860,206876,"Alliance"
"Whôa",8,1,9,"Tauri","クリスは私たちの犬です",4860,135399,"Horde"
"Morphíum",9,0,7,"Evermoon","Provision",4855,26937,"Horde"
"Adalbertt",2,0,9,"Evermoon","",4845,21407,"Horde"
"Zevs",22,0,6,"Evermoon","Leviathan",4845,439,"Alliance"
"Demonas",1,1,2,"Evermoon","",4840,21789,"Alliance"
"Hirmo",8,0,11,"Tauri","",4835,83299,"Horde"
"Elementalist",8,1,7,"Evermoon","Warlords of Destruction",4835,14769,"Horde"
"Matthard",6,0,11,"Evermoon","",4830,4603,"Horde"
"Dantinaa",1,1,2,"Evermoon","Harcosok klubja",4815,21783,"Alliance"
"Ravor",1,0,9,"Evermoon","The Pirate Bay",4800,20828,"Alliance"
"Darklok",8,1,9,"Evermoon","FireDragons",4780,40740,"Horde"
"Nimell",10,0,5,"Tauri","Ex Mortis",4770,165374,"Horde"
"Soulinabody",25,1,10,"Tauri","CENZORED",4770,67879,"Alliance"
"Vashess",1,1,6,"Evermoon","Thunder",4770,34898,"Alliance"
"Zordoz",1,0,5,"Evermoon","Tribunes of the Light",4765,179456,"Alliance"
"Macularius",4,0,3,"Tauri","Middle Earth",4765,87259,"Alliance"
"Saydon",1,1,4,"Tauri","",4750,72085,"Alliance"
"Morkian",2,0,9,"Evermoon","Ancient Celestials",4750,31300,"Horde"
"Antwan",2,0,10,"Evermoon","",4750,27433,"Horde"
"Drark",2,0,1,"Tauri","Angels of Faith",4740,138223,"Horde"
"Likkeboom",8,0,11,"Evermoon","",4735,77878,"Horde"
"Huncutlány",4,1,5,"Evermoon","",4735,33094,"Alliance"
"Superpippo",2,0,1,"Evermoon","",4730,23304,"Horde"
"Seraxe",4,1,11,"Evermoon","Seraxitos",4720,1996,"Alliance"
"Hitplusone",1,0,8,"Tauri","",4715,66086,"Alliance"
"Skullshade",5,0,9,"Tauri","",4705,101371,"Horde"
"Unimilka",1,1,5,"Evermoon","",4695,28027,"Alliance"
"Kyrké",10,1,8,"Evermoon","Mercenary",4695,21831,"Horde"
"Lobitoz",7,0,4,"Evermoon","Mythiçal",4685,52788,"Alliance"
"Mylol",10,1,2,"Tauri","High Heavens",4680,175606,"Horde"
"Nowudont",1,1,4,"Evermoon","GETREKTSON",4680,24927,"Alliance"
"Cat",8,1,9,"Evermoon","Raidloggen",4675,1739,"Horde"
"Valiskom",2,0,3,"Tauri","",4670,66711,"Horde"
"Yellowmaster",10,1,1,"Evermoon","Hungary Avangers",4665,26808,"Horde"
"Nyemii",26,1,10,"Evermoon","",4665,22917,"Horde"
"Xproject",1,0,2,"Tauri","Absolute Loyalty",4655,178304,"Alliance"
"Symona",1,1,10,"Evermoon","",4655,98967,"Alliance"
"Töri",2,1,1,"Tauri","High Heavens",4655,98790,"Horde"
"Tekerjegyet",4,0,11,"Tauri","",4655,81387,"Alliance"
"Szowinista",1,0,6,"Evermoon","",4655,69601,"Alliance"
"Saurian",4,0,5,"Tauri","Middle Earth",4640,78445,"Alliance"
"Speedee",10,1,8,"Tauri","PvP ON",4630,87030,"Horde"
"Sharur",10,0,4,"Evermoon","Dark Forest",4630,3080,"Horde"
"Gødblessyou",11,1,7,"Evermoon","",4625,31699,"Alliance"
"Tritusz",2,1,3,"Tauri","Spellbook Clickers",4600,94162,"Horde"
"Zookey",4,0,3,"Evermoon","Yin Yang",4600,91070,"Alliance"
"Revitalizer",2,0,7,"Evermoon","",4600,26836,"Horde"
"Maglord",7,0,8,"Evermoon","Cheap Holidays",4600,25412,"Alliance"
"Вальдэр",2,0,4,"Evermoon","Искатели легенд",4595,8484,"Horde"
"Atrëx",5,0,9,"Tauri","GOD HACKED US",4585,58027,"Horde"
"Zoologus",4,0,3,"Evermoon","Senior Club Hun",4585,1999,"Alliance"
"Laisperaa",4,1,3,"Evermoon","Far Beyond Insanity",4575,31793,"Alliance"
"Whiteweedo",10,1,5,"Tauri","",4570,80535,"Horde"
"Finder",1,0,3,"Evermoon","Cookies",4570,18479,"Alliance"
"Beyondsee",1,1,3,"Evermoon","Leviathan",4565,20939,"Alliance"
"Hunororc",2,0,1,"Evermoon","MojoRising",4560,18637,"Horde"
"Blacksunday",1,1,2,"Evermoon","",4550,13320,"Alliance"
"Rägnärøk",1,0,4,"Evermoon","",4535,59782,"Alliance"
"Falca",25,1,10,"Evermoon","I Unión  Esencial I   ",4525,1949,"Alliance"
"Tommye",4,0,5,"Evermoon","",4520,40438,"Alliance"
"Перемен",5,0,10,"Evermoon","Искатели легенд",4520,27212,"Horde"
"Scarymalcom",1,0,6,"Evermoon","",4520,7161,"Alliance"
"Kyoce",1,1,9,"Evermoon","",4495,24235,"Alliance"
"Trikkös",8,0,8,"Tauri","",4490,67723,"Horde"
"Etra",11,0,7,"Tauri","",4490,57662,"Alliance"
"Galeriius",2,0,1,"Evermoon","Competence Optional",4490,36111,"Horde"
"Anarious",1,0,1,"Evermoon","Spellbound",4480,30798,"Alliance"
"Holyibom",1,1,5,"Evermoon","",4480,25954,"Alliance"
"Glozell",8,1,9,"Tauri","",4475,176272,"Horde"
"Cykaxaxaxa",1,1,3,"Evermoon","Disarmonia Mundi",4470,24993,"Alliance"
"Fríngo",7,0,4,"Evermoon","",4470,18698,"Alliance"
"Ariiya",8,1,5,"Evermoon","Momentum",4470,1406,"Horde"
"Funkadelic",1,0,1,"Evermoon","Offline",4460,48141,"Alliance"
"Alney",4,1,5,"Evermoon","",4450,29251,"Alliance"
"Boomchix",8,1,11,"Evermoon","",4445,4056,"Horde"
"Jarod",22,0,3,"Evermoon","",4440,69896,"Alliance"
"Lorya",1,1,4,"Tauri","nem láttalak caken",4440,58780,"Alliance"
"Adalwarrior",1,1,1,"Evermoon","",4440,6116,"Alliance"
"Gépezet",22,1,6,"Tauri","The Dead Rabbits",4435,79827,"Alliance"
"Mâro",2,0,8,"Evermoon","",4435,42123,"Horde"
"Vandi",9,0,3,"Evermoon","",4430,35692,"Horde"
"Dühös",6,0,1,"Evermoon","",4430,8523,"Horde"
"Senthinelf",6,0,11,"Evermoon","Crusade",4425,2018,"Horde"
"Aezgaroth",8,0,9,"Evermoon","Chicken Squad",4415,172,"Horde"
"Cippola",7,0,9,"Tauri","Ravenclaw",4410,86783,"Alliance"
"Kefflin",1,0,2,"Tauri","",4400,151398,"Alliance"
"Zødin",1,1,5,"Tauri","",4400,62919,"Alliance"
"Ziuro",9,0,8,"Evermoon","",4400,23532,"Horde"
"Boemus",1,0,8,"Evermoon","drink water reminder",4395,41167,"Alliance"
"Lookis",22,0,11,"Evermoon","",4390,113865,"Alliance"
"Xpucmoc",26,0,10,"Evermoon","Artificial Evolution",4380,22553,"Horde"
"Shatzy",22,1,11,"Evermoon","Blank Souls",4370,37567,"Alliance"
"Warien",1,0,1,"Evermoon","",4370,18390,"Alliance"
"Nekohimesan",10,1,3,"Evermoon","A K A T S U K I",4365,111067,"Horde"
"Bakira",1,1,9,"Evermoon","",4365,47501,"Alliance"
"Oldgol",2,0,1,"Evermoon","Nexxus",4360,29901,"Horde"
"Wðdanaz",4,1,11,"Tauri","In Love and War",4350,128232,"Alliance"
"Clahpapi",5,0,9,"Tauri","Aljanépség",4335,73660,"Horde"
"Ìldev",8,0,3,"Evermoon","",4335,48161,"Horde"
"Xxd",10,1,9,"Evermoon","",4330,38194,"Horde"
"Dreherantal",3,0,5,"Evermoon","Ace Of Spades",4330,31466,"Alliance"
"Powertank",6,0,1,"Evermoon","",4325,36025,"Horde"
"Justicia",4,0,3,"Evermoon","Holy Sentinels hu",4325,20309,"Alliance"
"Menökemanoka",11,1,7,"Evermoon","",4320,31989,"Alliance"
"Mocnyluj",2,0,1,"Evermoon","Rycerze Ortalionu",4320,23289,"Horde"
"Knøçhøut",10,0,3,"Evermoon","",4310,96385,"Horde"
"Terrore",1,0,8,"Evermoon","",4310,26907,"Alliance"
"Meravingen",2,0,7,"Evermoon","",4295,21208,"Horde"
"Spoozle",9,0,4,"Evermoon","",4290,30696,"Horde"
"Scharfi",1,1,9,"Evermoon","",4290,25283,"Alliance"
"Gundabadwarr",1,1,1,"Evermoon","Chimken and the Nuggies",4290,18580,"Alliance"
"Crimsõn",1,0,1,"Evermoon","Offline",4280,25546,"Alliance"
"Csillaagpor",1,1,5,"Evermoon","",4275,33508,"Alliance"
"Petyak",8,0,7,"Tauri","High Heavens",4270,326444,"Horde"
"Temet",5,0,5,"Evermoon","Hun",4270,20227,"Horde"
"Rusvai",5,1,5,"Tauri","és Társai",4265,88580,"Horde"
"Seviä",10,1,4,"Evermoon","la PSYCHO",4265,19235,"Horde"
"Deloryon",4,0,11,"Evermoon","Crows at Midnight",4260,31226,"Alliance"
"Frozenvein",10,1,6,"Evermoon","House of Bear",4240,7001,"Horde"
"Kuriózum",5,0,5,"Evermoon","Blackrock spy",4235,75644,"Horde"
"Ullie",1,0,2,"Evermoon","Dauntless",4225,34963,"Alliance"
"Saelrythe",4,1,11,"Tauri","CENZORED",4215,73963,"Alliance"
"Nefritó",11,0,7,"Evermoon","",4215,38927,"Alliance"
"Anei",11,1,8,"Tauri","Independence",4200,108434,"Alliance"
"Noot",10,0,2,"Tauri","Lonely Wanderers",4200,58214,"Horde"
"Isolde",5,1,5,"Evermoon","",4200,24147,"Horde"
"Wystusdoglol",4,0,11,"Evermoon","",4195,32032,"Alliance"
"Potéto",10,0,5,"Tauri","Aljanépség",4190,75078,"Horde"
"Escobarqx",10,0,2,"Evermoon","",4190,28016,"Horde"
"Zahnfee",4,1,3,"Evermoon","The Lunatic Monkeys",4185,19208,"Alliance"
"Desteny",1,0,5,"Tauri","Tauri All Stars",4170,135634,"Alliance"
"Füligróka",1,0,4,"Tauri","Killepitsch",4160,77918,"Alliance"
"Mpotaki",25,1,5,"Evermoon","Fovou tous Ellines",4155,87571,"Alliance"
"Shämpäyñë",8,1,7,"Evermoon","Ðamagë Cøntrøl",4155,1078,"Horde"
"Archonia",4,1,11,"Evermoon","",4150,61973,"Alliance"
"Násri",1,0,2,"Evermoon","Savages",4145,52557,"Alliance"
"Karlyk",5,0,8,"Evermoon","",4140,21587,"Horde"
"Droplexke",10,0,2,"Evermoon","",4130,30885,"Horde"
"Kíttí",11,1,7,"Evermoon","Välhalla",4130,2274,"Alliance"
"Ølðnøbøðý",1,1,3,"Evermoon","Leviathan",4115,56710,"Alliance"
"Tifus",7,0,4,"Evermoon","",4115,44661,"Alliance"
"Arsz",1,1,8,"Tauri","",4110,85861,"Alliance"
"Mehstylex",6,0,11,"Evermoon","Hun",4110,18907,"Horde"
"Qubzy",1,0,2,"Evermoon","",4105,22008,"Alliance"
"Dragoongirl",6,1,11,"Evermoon","YEW R NOT REPAIRED",4095,36154,"Horde"
"Alisyus",1,1,6,"Evermoon","",4095,7522,"Alliance"
"Deranys",1,1,9,"Tauri","Disznóvágók",4090,127391,"Alliance"
"Czipóra",1,1,9,"Evermoon","",4090,20988,"Alliance"
"Pudlig",11,1,3,"Tauri","Blizzard Syndrome",4075,86050,"Alliance"
"Tirinda",22,1,4,"Tauri","CENZORED",4075,58709,"Alliance"
"Bolato",2,0,9,"Evermoon","",4075,8571,"Horde"
"Andronicus",5,1,1,"Evermoon","OMNOMNOMNOMNOMNOMNOMNOM",4070,155630,"Horde"
"Spancser",1,0,1,"Tauri","",4070,113126,"Alliance"
"Bushwhacker",3,0,4,"Tauri","",4070,78801,"Alliance"
"Purplepaws",4,1,11,"Tauri","Foe Reapers",4070,66291,"Alliance"
"Nättè",3,0,7,"Evermoon","",4070,21470,"Alliance"
"Thierra",1,1,5,"Evermoon","Cookie Squad",4065,166295,"Alliance"
"Dägádék",1,1,4,"Tauri","Legio Immortalis",4060,134262,"Alliance"
"Sodrexgodpvp",1,1,2,"Evermoon","",4055,24759,"Alliance"
"Venomage",1,1,8,"Evermoon","",4050,66057,"Alliance"
"Hanimar",4,0,11,"Evermoon","",4050,36640,"Alliance"
"Välkýrïë",1,1,5,"Tauri","NIU",4040,58681,"Alliance"
"Vaku",1,0,6,"Evermoon","",4025,36653,"Alliance"
"Orcpaladiin",2,0,3,"Evermoon","",4020,51413,"Horde"
"Korasu",10,0,5,"Tauri","Aljanépség",4015,233285,"Horde"
"Zandara",8,1,11,"Evermoon","Malevolence",4015,44995,"Horde"
"Orochimaruu",5,0,5,"Evermoon","",4010,50204,"Horde"
"Jateime",7,1,5,"Evermoon","",4010,27657,"Alliance"
"Shyamaalan",4,1,5,"Tauri","",4005,246474,"Alliance"
"Râfti",1,1,9,"Evermoon","",4005,30086,"Alliance"
"Dazwaze",8,0,11,"Evermoon","Horde of Hungary",4005,23058,"Horde"
"Molks",3,0,7,"Evermoon","Tempest",4000,25245,"Alliance"
"Furiosuss",5,0,5,"Evermoon","",4000,22601,"Horde"
"Syrynth",2,0,9,"Evermoon","Nexxus",4000,19422,"Horde"
"Bullhunt",6,0,3,"Evermoon","",3995,56723,"Horde"
"Rezoluth",22,0,5,"Evermoon","",3995,38481,"Alliance"
"Frostyballs",5,0,8,"Evermoon","unlucky",3995,24185,"Horde"
"Deejaa",8,0,11,"Evermoon","Storm",3995,547,"Horde"
"Hyperr",2,1,7,"Evermoon","",3990,73193,"Horde"
"Júlîa",11,1,2,"Tauri","In Love and War",3985,159286,"Alliance"
"Stormzy",11,1,7,"Tauri","Everyone for Everyone",3975,65449,"Alliance"
"Blâster",5,0,8,"Evermoon","",3970,23913,"Horde"
"Brillant",11,1,7,"Tauri","Independence",3965,95026,"Alliance"
"Ksiëciuniu",8,1,3,"Evermoon","GiurgiuvensHr",3965,53427,"Horde"
"Danov",1,0,3,"Evermoon","",3965,49424,"Alliance"
"Itry",1,1,5,"Evermoon","Offline",3965,21314,"Alliance"
"Fisturself",5,0,8,"Evermoon","Titan",3950,26459,"Horde"
"Teniqpeasant",3,0,7,"Evermoon","Maleficent Tea Party",3940,49655,"Alliance"
"Rhaenyraa",10,1,3,"Evermoon","",3940,26098,"Horde"
"Taliban",5,1,5,"Evermoon","BECOME A LEGEND",3940,25629,"Horde"
"Samanthas",10,1,3,"Evermoon","De turba autem pugnus",3930,44605,"Horde"
"Shockpower",11,1,7,"Evermoon","",3930,35982,"Alliance"
"Shrekhuntija",1,0,3,"Evermoon","Darkness Falls",3910,20439,"Alliance"
"Pyromäniäc",1,1,8,"Evermoon","",3910,18870,"Alliance"
"Valeri",7,1,4,"Evermoon","",3905,22260,"Alliance"
"Lini",1,1,5,"Tauri","",3900,101126,"Alliance"
"Wowmágus",5,0,8,"Tauri","Mágiaügyi Minisztérium",3895,71059,"Horde"
"Grøax",1,1,4,"Evermoon","",3890,18412,"Alliance"
"Zerk",1,1,1,"Evermoon","Crimson Rose",3885,28026,"Alliance"
"Ämelia",1,1,3,"Tauri","",3880,126601,"Alliance"
"Kastalynn",10,1,5,"Evermoon","Storm",3880,2027,"Horde"
"Vinondk",1,1,6,"Evermoon","Army of Divergent",3860,2818,"Alliance"
"Allyx",11,1,7,"Tauri","Independence",3855,72008,"Alliance"
"Wartero",11,1,7,"Evermoon","",3855,40047,"Alliance"
"Valensia",11,1,8,"Tauri","Horsemen",3850,63078,"Alliance"
"Byrøn",2,0,3,"Evermoon","",3850,5762,"Horde"
"Unica",8,1,7,"Evermoon","",3845,21543,"Horde"
"Nisya",6,1,6,"Evermoon","",3845,18847,"Horde"
"Kaek",1,0,9,"Tauri","",3835,89545,"Alliance"
"Ryumist",1,0,5,"Tauri","Destroyer",3830,79538,"Alliance"
"Chaosdawn",22,1,9,"Evermoon","",3830,18598,"Alliance"
"Samuelcolt",8,0,3,"Tauri","Aljanépség",3825,190831,"Horde"
"Økcsá",11,1,7,"Tauri","Sleepless",3825,66755,"Alliance"
"Nocnamara",4,1,5,"Evermoon","Brodate Drzewa",3825,18444,"Alliance"
"Gvsko",8,1,9,"Evermoon","Sentinel",3815,164824,"Horde"
"Selenastone",4,1,3,"Evermoon","",3815,8014,"Alliance"
"Greengrom",1,0,1,"Evermoon","Savages",3805,23361,"Alliance"
"Børing",1,1,5,"Evermoon","Leviathan",3795,91794,"Alliance"
"Seadeez",1,0,4,"Evermoon","",3790,22188,"Alliance"
"Vapørizer",5,0,4,"Tauri","",3785,62825,"Horde"
"Ecet",11,0,7,"Tauri","A Tiszta Lelkek Városa",3775,73636,"Alliance"
"Velkoo",1,1,3,"Evermoon","",3770,81454,"Alliance"
"Eyllis",1,1,5,"Evermoon","Offline",3770,37233,"Alliance"
"Khyraa",10,1,5,"Evermoon","",3760,27699,"Horde"
"Cubegirl",10,1,2,"Evermoon","",3745,73807,"Horde"
"Brsd",8,1,9,"Evermoon","",3745,36311,"Horde"
"Mesalina",5,1,8,"Evermoon","Overpowered",3740,19881,"Horde"
"Mojzi",4,0,11,"Tauri","",3735,66611,"Alliance"
"Pleex",9,0,5,"Evermoon","Farts n Poop",3715,21181,"Horde"
"Kudbul",22,0,3,"Evermoon","",3700,47839,"Alliance"
"Nízary",6,0,11,"Evermoon","Falka",3690,25812,"Horde"
"Dirtyvision",1,1,8,"Evermoon","Offline",3680,30424,"Alliance"
"Swiftshadow",5,0,4,"Evermoon","",3680,7917,"Horde"
"Dector",1,0,1,"Tauri","",3675,183906,"Alliance"
"Razashapiro",1,0,8,"Tauri","Idosek Klubja",3675,59773,"Alliance"
"Saru",5,0,8,"Evermoon","HellHounds",3670,18863,"Horde"
"Drujedisko",8,1,11,"Evermoon","",3655,45942,"Horde"
"Méht",4,0,4,"Tauri","Pain & Gain",3650,134192,"Alliance"
"Savian",4,0,5,"Evermoon","Fekete Hold",3620,22349,"Alliance"
"Rumcájsz",3,0,3,"Tauri","",3615,59442,"Alliance"
"Reckfuel",1,1,4,"Evermoon","",3615,18419,"Alliance"
"Biobi",10,0,2,"Tauri","",3610,59085,"Horde"
"Faithgirl",1,1,8,"Evermoon","Senior Club Hun",3605,1683,"Alliance"
"Rzldzl",1,1,2,"Tauri","Toxic Souls",3600,105125,"Alliance"
"Nefton",10,0,2,"Evermoon","",3600,30900,"Horde"
"Ryokan",5,0,10,"Evermoon","",3595,30144,"Horde"
"Cutteboy",1,0,1,"Tauri","",3590,106893,"Alliance"
"Npe",1,1,8,"Evermoon","",3590,35737,"Alliance"
"Nitrogud",10,1,4,"Evermoon","",3585,29201,"Horde"
"Yogii",1,0,10,"Evermoon","",3585,19133,"Alliance"
"Eriirn",1,0,3,"Tauri","Tauri Kedvencei",3580,63354,"Alliance"
"Galéna",1,1,5,"Evermoon","Leviathan",3575,32806,"Alliance"
"Aoitori",11,1,7,"Evermoon","Hakuna Matata",3570,1267,"Alliance"
"Xarii",10,1,2,"Evermoon","Titan",3565,32061,"Horde"
"Damozx",2,0,3,"Evermoon","Vistustan",3555,29629,"Horde"
"Odinsballz",7,0,8,"Evermoon","HTT",3550,33185,"Alliance"
"Badjuicyy",1,1,4,"Evermoon","xxbds",3545,16887,"Alliance"
"Sniezik",4,0,10,"Evermoon","",3540,42867,"Alliance"
"Yodamestre",9,0,8,"Tauri","",3535,69839,"Horde"
"Nagybetyar",3,0,1,"Tauri","",3535,67012,"Alliance"
"Raphtor",6,0,1,"Tauri","",3535,60570,"Horde"
"Elkolo",1,0,4,"Evermoon","",3535,22441,"Alliance"
"Destylol",10,1,5,"Tauri","",3530,69714,"Horde"
"Orgiasledzia",3,0,1,"Evermoon","Bekarty Przymierza",3515,37065,"Alliance"
"Tagger",11,0,7,"Tauri","",3500,72960,"Alliance"
"Creoquad",1,0,6,"Evermoon","",3500,68989,"Alliance"
"Melted",9,0,8,"Evermoon","",3500,58000,"Horde"
"Pacient",4,0,3,"Evermoon","",3500,47098,"Alliance"
"Algamon",1,0,5,"Evermoon","Offline",3500,36160,"Alliance"
"Julietta",1,1,3,"Evermoon","",3495,73645,"Alliance"
"Dkbad",1,0,6,"Evermoon","",3495,25009,"Alliance"
"Ully",1,1,5,"Evermoon","Dauntless",3495,22087,"Alliance"
"Melia",10,1,5,"Evermoon","",3485,23074,"Horde"
"Bladewilson",1,0,1,"Evermoon","Draconis",3480,48808,"Alliance"
"Zeusgigasz",1,0,2,"Tauri","",3475,76886,"Alliance"
"Dudyxx",8,0,5,"Evermoon","shmyelf",3475,35651,"Horde"
"Henkok",2,0,3,"Evermoon","TeamWork Hungary",3455,19168,"Horde"
"Ommadar",1,0,9,"Tauri","",3445,137106,"Alliance"
"Buglagdc",1,0,2,"Evermoon","",3445,20153,"Alliance"
"Anász",8,1,7,"Evermoon","",3440,20531,"Horde"
"Spivx",4,0,3,"Evermoon","",3435,22657,"Alliance"
"Chekevara",22,0,3,"Tauri","CENZORED",3430,72214,"Alliance"
"Instability",5,0,8,"Evermoon","",3430,20691,"Horde"
"Housewitch",1,1,8,"Evermoon","Storm of Vengeance",3425,29101,"Alliance"
"Peki",10,1,2,"Tauri","",3405,81808,"Horde"
"Vrun",2,0,1,"Tauri","Aljanépség",3395,58695,"Horde"
"Lujo",5,0,8,"Tauri","",3385,146832,"Horde"
"Survirval",4,1,3,"Evermoon","Tempest",3380,22536,"Alliance"
"Wensun",5,0,5,"Evermoon","",3370,20290,"Horde"
"Spellshaper",10,0,9,"Evermoon","Artificial Evolution",3360,24546,"Horde"
"Befegor",10,0,2,"Tauri","HalálSzárny",3355,60724,"Horde"
"Miodczi",10,1,9,"Evermoon","",3355,33683,"Horde"
"Visnja",11,1,7,"Evermoon","TÉMPEST",3350,22503,"Alliance"
"Danidq",5,0,9,"Evermoon","",3345,32747,"Horde"
"Akác",4,1,11,"Tauri","",3340,83923,"Alliance"
"Shisä",8,0,8,"Evermoon","",3340,26199,"Horde"
"Teatime",5,0,4,"Tauri","",3335,120596,"Horde"
"Lathrial",10,0,9,"Evermoon","",3325,32542,"Horde"
"Cappi",10,1,3,"Tauri","Aljanépség",3320,147572,"Horde"
"Taifun",1,0,4,"Evermoon","",3310,29605,"Alliance"
"Bjorn",8,0,7,"Tauri","Union of the Horde",3305,101135,"Horde"
"Melákpityu",4,1,11,"Tauri","",3305,66002,"Alliance"
"Tépha",1,1,1,"Evermoon","",3300,20034,"Alliance"
"Necrophíle",1,0,6,"Evermoon","",3295,38342,"Alliance"
"Imam",11,0,5,"Tauri","",3290,90987,"Alliance"
"Criticaldmg",5,1,4,"Evermoon","Chaos Legion",3280,28396,"Horde"
"Shadygaga",10,1,4,"Evermoon","Time ls Money Friend",3275,21392,"Horde"
"Skycc",5,1,4,"Evermoon","",3270,21133,"Horde"
"Bimbøø",10,1,10,"Evermoon","la PSYCHO",3265,23057,"Horde"
"Trahaila",1,1,3,"Evermoon","Tempest",3260,29492,"Alliance"
"Selin",11,1,5,"Tauri","Independence",3250,64120,"Alliance"
"Zéús",1,0,1,"Evermoon","Leviathan",3240,61760,"Alliance"
"Clodie",2,1,10,"Evermoon","",3240,46127,"Horde"
"Spookyfinger",1,0,4,"Evermoon","",3240,27214,"Alliance"
"Wutchy",6,0,11,"Evermoon","",3240,24301,"Horde"
"Szimone",1,1,9,"Tauri","SylverSnakes",3235,158470,"Alliance"
"Darhelis",2,0,3,"Evermoon","V A L H Â L L A",3230,20881,"Horde"
"Ilickfrogs",2,1,7,"Evermoon","",3220,24050,"Horde"
"Diast",4,0,11,"Evermoon","Offline",3210,28513,"Alliance"
"Møvefkr",2,0,7,"Evermoon","Gods of PVP",3205,19495,"Horde"
"Deathdottcom",2,0,1,"Evermoon","",3200,20077,"Horde"
"Britney",5,1,4,"Evermoon","",3195,37789,"Horde"
"Tona",2,0,1,"Evermoon","",3190,19685,"Horde"
"Nekoni",4,1,11,"Evermoon","",3180,18790,"Alliance"
"Reínã",4,1,11,"Evermoon","Tribunes of the Light",3170,33821,"Alliance"
"Suit",1,0,8,"Evermoon","",3170,26640,"Alliance"
"Insiider",4,0,11,"Evermoon","",3165,56472,"Alliance"
"Xtc",1,1,5,"Evermoon","Warriors of the Alliance",3155,36586,"Alliance"
"Cindella",10,1,5,"Evermoon","",3155,31378,"Horde"
"Freequick",1,0,10,"Evermoon","Tempest",3155,18903,"Alliance"
"Carmillian",1,1,9,"Tauri","",3150,60881,"Alliance"
"Ryushami",3,0,7,"Tauri","KFC fighters",3150,59244,"Alliance"
"Reginone",2,0,1,"Evermoon","Enter the Dream",3145,31088,"Horde"
"Rocksmasherx",2,1,1,"Evermoon","Seek and Destroy",3145,27938,"Horde"
"Meshûggah",5,0,9,"Evermoon","",3140,24370,"Horde"
"Wlocki",1,0,9,"Evermoon","Thunder",3130,37405,"Alliance"
"Spust",7,0,8,"Evermoon","",3120,120333,"Alliance"
"Pizzacat",1,0,3,"Evermoon","",3120,40438,"Alliance"
"Annihilàtion",2,0,1,"Evermoon","",3105,34559,"Horde"
"Thehuny",4,0,3,"Evermoon","",3100,30195,"Alliance"
"Bovman",1,0,5,"Evermoon","",3100,23315,"Alliance"
"Poelstrik",1,0,1,"Evermoon","The Pirate Bay",3100,21965,"Alliance"
"Subzéró",11,1,8,"Tauri","Cuppogó Bikäherék",3095,97788,"Alliance"
"Dzsee",5,0,8,"Tauri","",3085,135986,"Horde"
"Summona",1,1,9,"Evermoon","",3085,38322,"Alliance"
"Brewstar",10,0,6,"Evermoon","",3080,39285,"Horde"
"Kregiel",10,1,8,"Evermoon","",3070,26103,"Horde"
"Nakano",26,0,10,"Evermoon","Chicken Squad",3055,31610,"Horde"
"Mpak",1,0,8,"Evermoon","The 100",3050,40941,"Alliance"
"Bloodyhorror",1,0,6,"Tauri","Hatóságilag alkalmatlan",3035,63318,"Alliance"
"Roggis",1,0,4,"Evermoon","Vendetta Force",3035,26719,"Alliance"
"Radm",9,0,8,"Evermoon","",3010,32589,"Horde"
"Huunt",1,0,3,"Evermoon","DasLegat",3005,40887,"Alliance"
"Hélen",1,1,9,"Evermoon","TOAST",3005,19754,"Alliance"
"Kostîs",2,0,3,"Evermoon","",3000,70503,"Horde"
"Estrago",1,0,4,"Evermoon","Yin Yang",2995,29215,"Alliance"
"Capped",1,1,3,"Evermoon","",2990,32918,"Alliance"
"Uriboyka",1,0,6,"Evermoon","",2990,20690,"Alliance"
"Flochar",5,0,4,"Tauri","Society",2980,85106,"Horde"
"Moltenwhoe",5,1,9,"Evermoon","CannabisCountryClub",2980,50063,"Horde"
"Asdjlkdsfg",2,1,9,"Evermoon","",2980,22432,"Horde"
"Venomangelic",4,1,5,"Evermoon","WHERE THE DODGE BEGINS",2980,18236,"Alliance"
"Yyaar",1,0,5,"Evermoon","Løøney Tunes",2975,39207,"Alliance"
"Sztaniszlav",8,0,3,"Evermoon","",2970,22220,"Horde"
"Kragoor",3,0,2,"Evermoon","",2965,53672,"Alliance"
"Bandidox",4,0,4,"Evermoon","La Voluntad del Gato",2960,35944,"Alliance"
"Xinjin",8,1,3,"Evermoon","Nexxus",2955,55581,"Horde"
"Gfé",1,1,4,"Evermoon","",2950,24907,"Alliance"
"Yimbeam",22,0,4,"Evermoon","",2950,24073,"Alliance"
"Zouza",10,1,4,"Evermoon","Japonia Atakuje",2940,44210,"Horde"
"Clapgodxowo",4,1,11,"Evermoon","CREAMSTATE",2940,23868,"Alliance"
"Pendvlvm",1,0,8,"Evermoon","",2935,35841,"Alliance"
"Onlyfrost",1,0,8,"Evermoon","",2930,18385,"Alliance"
"Longear",10,0,5,"Tauri","",2925,66473,"Horde"
"Nisroc",4,0,1,"Evermoon","",2925,19982,"Alliance"
"Arzok",7,0,5,"Evermoon","",2925,19211,"Alliance"
"Fauronn",26,0,10,"Evermoon","",2925,987,"Horde"
"Ryulock",1,0,9,"Tauri","Absolute Loyalty",2920,74573,"Alliance"
"Mondir",6,0,11,"Evermoon","",2920,29507,"Horde"
"Twatstabber",10,0,4,"Evermoon","Sylvannas",2915,22265,"Horde"
"Araxiel",10,0,5,"Evermoon","A K A T S U K I",2895,45748,"Horde"
"Mafiibg",6,0,11,"Evermoon","Gear Factor",2890,73692,"Horde"
"Waslaw",1,0,3,"Evermoon","Ex Nihilo",2890,52365,"Alliance"
"Vrglf",1,0,5,"Tauri","",2880,61666,"Alliance"
"Flylo",2,0,8,"Evermoon","",2880,18430,"Horde"
"Slyness",1,1,10,"Evermoon","Offline",2865,36943,"Alliance"
"Bulletprøøf",4,1,11,"Evermoon","",2865,19370,"Alliance"
"Zakmckracken",1,0,3,"Tauri","Commodore Sîxty Four",2835,125987,"Alliance"
"Kromja",8,1,11,"Evermoon","Kawaii Pandas",2835,125117,"Horde"
"Kuruczka",2,0,1,"Evermoon","Nighthunter",2825,25816,"Horde"
"Linus",1,1,5,"Tauri","",2780,68850,"Alliance"
"Sickwar",10,1,1,"Evermoon","Calamity",2780,26746,"Horde"
"Iseethelite",1,1,2,"Evermoon","CREAMSTATE",2780,18393,"Alliance"
"Haelyn",4,1,11,"Evermoon","Mythiçal",2780,1300,"Alliance"
"Ice",1,1,10,"Evermoon","The Pirate Bay",2770,42981,"Alliance"
"Sharstelek",1,1,8,"Evermoon","",2765,23714,"Alliance"
"Nellsie",8,1,9,"Evermoon","Sunrise",2760,27222,"Horde"
"Chazix",4,0,3,"Evermoon","Fekete Hold",2760,25618,"Alliance"
"Mazonic",1,0,2,"Evermoon","Revendreth",2755,39888,"Alliance"
"Røsetta",1,1,10,"Evermoon","",2740,24032,"Alliance"
"Kayre",10,0,2,"Evermoon","",2740,22497,"Horde"
"Zorrito",7,0,1,"Evermoon","Eldamar",2730,39610,"Alliance"
"Elanee",8,1,3,"Evermoon","Artificial Evolution",2720,36370,"Horde"
"Nargeth",5,0,6,"Evermoon","Aletta Ocean",2715,23031,"Horde"
"Kyrks",11,0,7,"Tauri","Champion of Alliance",2700,62180,"Alliance"
"Zakura",1,1,3,"Evermoon","",2700,20068,"Alliance"
"Zabor",1,0,2,"Tauri","THUG LIFE",2685,60275,"Alliance"
"Popcicle",22,0,11,"Evermoon","The Veterans",2685,21384,"Alliance"
"Diy",10,1,5,"Tauri","",2680,99994,"Horde"
"Ruxin",4,1,4,"Evermoon","",2675,7239,"Alliance"
"Sahdow",1,1,5,"Tauri","Protoss Terran Dominium",2670,75434,"Alliance"
"Greenomatic",2,0,7,"Tauri","",2665,72153,"Horde"
"Sixto",1,0,1,"Evermoon","",2665,21404,"Alliance"
"Traitorjack",8,0,11,"Evermoon","",2660,20402,"Horde"
"Kilrike",1,1,5,"Tauri","TARANTULLA",2650,66287,"Alliance"
"Byvalygodx",5,0,8,"Evermoon","The Chosen One",2650,38406,"Horde"
"Karube",9,0,8,"Evermoon","",2650,22770,"Horde"
"Akreq",7,0,4,"Evermoon","Yin Yang",2640,26614,"Alliance"
"Hotwheelz",2,1,3,"Evermoon","Chicken Squad",2635,29490,"Horde"
"Moks",1,0,4,"Evermoon","",2625,32731,"Alliance"
"Papsfear",8,1,9,"Evermoon","ComebackGang",2610,32654,"Horde"
"Leither",5,1,9,"Evermoon","",2600,22768,"Horde"
"Yyarr",11,0,7,"Evermoon","THE ELEGANCE",2595,30563,"Alliance"
"Megszálot",1,1,5,"Tauri","BODYGUARDS",2585,85589,"Alliance"
"Moonlion",10,1,4,"Evermoon","",2585,43020,"Horde"
"Revalen",10,0,6,"Evermoon","GUARDIANES DE LA HORDA",2585,29649,"Horde"
"Relent",11,1,7,"Evermoon","Tempest",2580,20251,"Alliance"
"Skinny",1,1,1,"Evermoon","",2565,28471,"Alliance"
"Kalare",11,1,7,"Evermoon","",2565,26980,"Alliance"
"Hevesjeges",1,0,8,"Evermoon","Aversion",2565,296,"Alliance"
"Ensombras",5,0,9,"Evermoon","LA SECTA PVP",2555,21219,"Horde"
"Iog",5,1,10,"Evermoon","",2555,20517,"Horde"
"Nlp",8,0,9,"Evermoon","",2540,21696,"Horde"
"Meowtism",1,1,8,"Evermoon","",2535,24596,"Alliance"
"Palli",1,0,2,"Evermoon","Løøney Tunes",2520,22022,"Alliance"
"Hózukimaru",3,0,7,"Evermoon","GiurgiuvensAl",2510,27824,"Alliance"
"Rafyan",2,0,7,"Evermoon","",2485,18617,"Horde"
"Afklok",1,1,9,"Evermoon","",2460,35047,"Alliance"
"Xand",3,0,7,"Evermoon","",2455,28154,"Alliance"
"Køujiro",25,0,7,"Evermoon","",2395,23635,"Alliance"
"Lemónparty",5,0,8,"Evermoon","Japonia Atakuje",2395,19859,"Horde"
"Annoyinghunt",1,0,3,"Evermoon","",2390,21229,"Alliance"
"Judech",9,0,8,"Evermoon","CannabisCountryClub",2380,29225,"Horde"
"Avein",11,1,2,"Tauri","The Amazing Tea Party",2375,72817,"Alliance"
"Munkis",1,0,10,"Evermoon","Evermoons Inn",2375,24546,"Alliance"
"Syrov",1,1,4,"Evermoon","",2360,19763,"Alliance"
"Dumptruck",1,0,10,"Evermoon","Tempest",2350,65894,"Alliance"
"Sahyia",4,1,5,"Evermoon","Yin Yang",2350,19240,"Alliance"
"Kaspiix",8,0,11,"Evermoon","",2340,20431,"Horde"
"Ikarium",4,0,4,"Tauri","",2320,95777,"Alliance"
"Hadson",1,0,1,"Evermoon","ForTheAlliance",2310,43253,"Alliance"
"Sementurret",8,0,8,"Evermoon","NobleBlood",2300,23042,"Horde"
"Petkick",1,1,6,"Evermoon","",2285,22028,"Alliance"
"Lihron",1,0,5,"Evermoon","",2280,75280,"Alliance"
"Qznechk",1,1,4,"Tauri","Russian Retard",2270,95415,"Alliance"
"Partofme",4,1,11,"Evermoon","",2270,23333,"Alliance"
"Lanat",8,0,5,"Evermoon","Artificial Evolution",2240,26126,"Horde"
"Tyaria",1,1,3,"Evermoon","",2235,28714,"Alliance"
"Zerokin",22,0,1,"Evermoon","",2235,18635,"Alliance"
"Qry",7,0,8,"Evermoon","",2205,20732,"Alliance"
"Welmet",2,0,7,"Evermoon","Fallen",2195,26976,"Horde"
"Mindblaster",1,1,5,"Evermoon","Comrades",2180,32402,"Alliance"
"Twisterpap",5,0,5,"Evermoon","",2180,29241,"Horde"
"Seebthedweeb",1,1,8,"Evermoon","",2180,22901,"Alliance"
"Deepyouxx",1,1,8,"Tauri","",2170,73921,"Alliance"
"Allred",1,1,5,"Evermoon","",2170,40500,"Alliance"
"Ølðyear",4,1,4,"Evermoon","Leviathan",2165,91408,"Alliance"
"Aveos",1,1,4,"Evermoon","Far Beyond Insanity",2160,51618,"Alliance"
"Roykan",3,0,7,"Evermoon","",2160,20231,"Alliance"
"Sindey",1,1,8,"Evermoon","Revendreth",2150,29878,"Alliance"
"Zaphires",8,1,11,"Evermoon","Infusíon",2150,19518,"Horde"
"Ølðbîtch",10,1,4,"Evermoon","Искатели легенд",2140,39490,"Horde"
"Hunterbg",9,1,3,"Evermoon","Gear Factor",2110,45100,"Horde"
"Szuzumusi",22,1,4,"Evermoon","",2110,23599,"Alliance"
"Reladro",10,0,4,"Evermoon","A Murder of Crows",2100,52610,"Horde"
"Inaspala",6,0,2,"Evermoon","",2090,26393,"Horde"
"Rhonë",2,0,4,"Evermoon","",2080,21714,"Horde"
"Kidcorrupt",10,1,8,"Evermoon","",2075,24336,"Horde"
"Froglegs",2,0,1,"Evermoon","Gods of PVP",2020,34879,"Horde"
"Huntzy",1,0,3,"Evermoon","",1990,29295,"Alliance"
"Hitmegegy",1,1,3,"Evermoon","Scarlet Crusade",1950,19705,"Alliance"
"Verybadkitty",6,1,2,"Evermoon","",1945,33483,"Horde"
"Brajkovic",2,1,3,"Evermoon","Erå of Ørgrîms",1940,145582,"Horde"
"Huellitas",3,0,10,"Evermoon","Red Moon Rising",1920,23660,"Alliance"
"Alit",1,0,3,"Evermoon","Tempest",1915,23097,"Alliance"
"Lecht",1,0,4,"Evermoon","Rank l Vatras",1870,41814,"Alliance"
"Terror",1,0,6,"Evermoon","",1860,33160,"Alliance"
"Aspheron",4,0,11,"Evermoon","",1860,20531,"Alliance"
"Fláy",11,0,7,"Evermoon","Champion Of The Alliance",1820,21111,"Alliance"
"Vekac",4,1,11,"Evermoon","",1790,20372,"Alliance"
"Kaathleen",5,1,4,"Evermoon","OMNOMNOMNOMNOMNOMNOMNOM",1775,22187,"Horde"
"Madinho",6,0,1,"Tauri","XTC",1735,63414,"Horde"
"Varadin",5,0,8,"Evermoon","Искатели легенд",1730,19784,"Horde"
"Timok",6,0,2,"Evermoon","The Elites",1730,19440,"Horde"
"Drakaria",1,1,6,"Evermoon","",1715,20244,"Alliance"
"Skiðblaðnir",4,1,3,"Evermoon","",1640,18406,"Alliance"
"Sulpharana",1,1,5,"Evermoon","",1635,28908,"Alliance"
"Drakarious",1,0,4,"Evermoon","",1630,18785,"Alliance"
"Linnali",7,1,5,"Evermoon","",1600,19463,"Alliance"
"Gix",1,0,8,"Evermoon","",1590,18939,"Alliance"
"Paralyzing",9,0,4,"Evermoon","Entropy",1580,154,"Horde"
"Sckiller",8,1,3,"Evermoon","HoldMyBeerAndWatchThis",1530,199,"Horde"
"Vinasky",1,1,5,"Evermoon","",1405,23967,"Alliance"
"Niumix",9,1,5,"Evermoon","",1355,18779,"Horde"
"Tutufufu",4,1,11,"Evermoon","",1270,20674,"Alliance"
"Nirax",22,0,11,"Evermoon","Draconis",1250,29043,"Alliance"
"Voodookora",2,1,6,"Evermoon","",1080,14,"Horde"
"Corvi",4,0,12,"Evermoon","Chimken and the Nuggies",860,8,"Alliance"
"Aranella",2,1,6,"Evermoon","",780,18,"Horde"
"Malespace",5,0,4,"Evermoon","",780,0,"Horde"
"Mibumbumfat",6,1,6,"Evermoon","Bun Babylon Bun",755,0,"Horde"
"Raitana",2,1,6,"Evermoon","",670,2,"Horde"
"Kageny",10,1,5,"Evermoon","",650,6,"Horde"
"Copyright",10,1,12,"Evermoon","",640,214,"Horde"
"Withel",10,1,3,"Evermoon","",580,111,"Horde"
"Anneta",26,1,4,"Evermoon","",360,0,"Horde"
"Navar",9,0,4,"Evermoon","",240,0,"Horde"
"Talmane",9,1,4,"Evermoon","",230,0,"Horde"
"Rollex",8,0,3,"Tauri","",170,1,"Horde"
"Hubii",4,1,12,"Tauri","",150,0,"Alliance"
"Kaelthor",1,0,2,"Evermoon","",80,0,"Alliance"
"Cheerios",10,1,12,"Evermoon","",40,0,"Horde"
"Nature",10,1,12,"Evermoon","",40,0,"Horde"
"Odin",4,1,12,"Evermoon","",40,0,"Alliance"
"Psijik",4,0,12,"Evermoon","",40,0,"Alliance"
"Sweet",4,1,12,"Evermoon","",40,0,"Alliance"
"Beatry",1,1,6,"Tauri","",20,0,"Alliance"
"Dolgrim",5,0,5,"Evermoon","",20,0,"Horde"
"Aladdinmdfck",1,0,3,"Tauri","",10,0,"Alliance"
"Firefly",10,1,8,"Tauri","",10,0,"Horde"
"Lilla",6,1,7,"Tauri","",10,0,"Horde"
"Lurcoo",10,0,2,"Tauri","",10,0,"Horde"
"Monknash",6,0,10,"Tauri","",10,0,"Horde"
"Ragebeast",9,0,3,"Tauri","",10,0,"Horde"
"Roniin",1,0,4,"Evermoon","",10,0,"Alliance"
"Zyklønß",8,0,7,"Evermoon","",10,0,"Horde"
"Azgroth",1,1,9,"Evermoon","",0,0,"Alliance"
"Betsy",2,1,1,"Evermoon","",0,0,"Horde"
"Button",10,1,2,"Evermoon","",0,0,"Horde"
"Captnkrunch",1,1,1,"Evermoon","",0,0,"Alliance"
"Dave",10,0,10,"Evermoon","",0,0,"Horde"
"Elorya",4,1,5,"Evermoon","",0,0,"Alliance"
"Explosión",5,0,4,"Evermoon","",0,0,"Horde"
"Froosy",3,0,3,"Tauri","",0,0,"Alliance"
"Ieavemylife",1,1,2,"Tauri","",0,0,"Alliance"
"Kalauwu",22,1,1,"Evermoon","",0,0,"Alliance"
"Lyla",1,1,8,"Evermoon","",0,0,"Alliance"
"Mew",8,1,9,"Evermoon","",0,0,"Horde"
"Mokk",6,1,7,"Tauri","",0,0,"Horde"
"Mothep",5,1,3,"Tauri","",0,0,"Horde"
"Nadal",10,0,2,"Evermoon","",0,0,"Horde"
"Nemifest",2,0,1,"Evermoon","",0,0,"Horde"
"Sherryll",10,1,2,"Evermoon","",0,0,"Horde"
"Syeren",10,1,8,"Evermoon","",0,0,"Horde"
"Thunder",5,0,4,"Evermoon","",0,0,"Horde"
